dataset,model,library,approximator,budget,method,seed_count,runtime_median,runtime_q25,runtime_q75,relative_mae_median,relative_mae_q25,relative_mae_q75,rho_median,rho_q25,rho_q75,sign_agreement_median
ames_housing,decision_tree,dalex,permutation,128.0,dalex / permutation,10,0.91725,0.89815,0.923475,0.2301136633228602,0.19937919861363454,0.27359752679550164,0.9349650349650351,0.9274475524475525,0.9417298490982702,0.9312684365781712
ames_housing,decision_tree,dalex,permutation,512.0,dalex / permutation,10,3.4804,3.391025,3.51345,0.1125898902352899,0.09661518521201284,0.13300068720419506,0.9772727272727275,0.9742786161207215,0.983041958041958,0.9733285917496444
ames_housing,decision_tree,dalex,permutation,2048.0,dalex / permutation,10,13.6329,13.47235,13.80255,0.05824908648195212,0.055858613591234806,0.0672084985643617,0.9916083916083916,0.9874125874125875,0.9921328671328672,0.9914085545722714
ames_housing,decision_tree,lightshap,kernel,128.0,lightshap / kernel,10,3.048,3.003775,3.0671,0.04200587656419308,0.041077395218568714,0.048407905155751066,0.9877622377622379,0.9840909090909091,0.990909090909091,0.9333517699115044
ames_housing,decision_tree,lightshap,kernel,512.0,lightshap / kernel,10,8.60565,8.26785,10.0944,0.02406824266508167,0.02280279758285829,0.026230467278595817,0.9905594405594407,0.9902097902097904,0.9940559440559442,0.9616228070175439
ames_housing,decision_tree,lightshap,kernel,2048.0,lightshap / kernel,10,14.9125,11.09205,16.005074999999998,0.023058894070225704,0.020767829241696522,0.02373452747789264,0.9923076923076923,0.990909090909091,0.9945804195804197,0.9666666666666667
ames_housing,decision_tree,lightshap,permutation,128.0,lightshap / permutation,10,2.9539,2.869275,3.076325,0.03709497698640976,0.034102208984755335,0.04059302546265883,0.9944055944055945,0.9924825174825177,0.9956293706293707,0.990575221238938
ames_housing,decision_tree,lightshap,permutation,512.0,lightshap / permutation,10,8.20385,7.8377,9.636175,0.022933036842231358,0.02126990324881952,0.02482043469063014,0.9957980615875353,0.9944055944055943,0.9977272727272729,0.9916666666666667
ames_housing,decision_tree,lightshap,permutation,2048.0,lightshap / permutation,10,14.01655,10.668375,15.225275,0.020470890779656296,0.01911373682668452,0.02233437848455247,0.9971978898294689,0.9945804195804197,0.997902097902098,0.9958333333333333
ames_housing,decision_tree,shap,kernel,128.0,shap / kernel,10,0.0513,0.051025,0.052475,0.15244282710862167,0.13856882775489227,0.17450698954551466,0.9281975705483088,0.920457014314796,0.9434340212346679,0.9292857142857143
ames_housing,decision_tree,shap,kernel,512.0,shap / kernel,10,0.11865,0.117625,0.12035,0.06835987205678512,0.06196450684565326,0.07165214130622308,0.9746074490757244,0.9635741571993952,0.9807370556736849,0.9695360824742267
ames_housing,decision_tree,shap,kernel,2048.0,shap / kernel,10,0.44694999999999996,0.440525,0.450975,0.023245836373022744,0.01798831873634759,0.025259927078482357,0.9929962688696058,0.9909822552731332,0.9936092295294019,0.995
ames_housing,decision_tree,shap,permutation,128.0,shap / permutation,10,0.04765,0.0476,0.04815,0.17040282583019467,0.1529926918165391,0.1826278652122582,0.9594405594405597,0.9500000000000002,0.9613636363636365,0.9369369369369369
ames_housing,decision_tree,shap,permutation,512.0,shap / permutation,10,0.16310000000000002,0.16205,0.16495,0.0935115554147541,0.07931819358927028,0.10463448945738688,0.9786713286713289,0.9755653090226268,0.983916083916084,0.972850122850123
ames_housing,decision_tree,shap,permutation,2048.0,shap / permutation,10,0.6367499999999999,0.632475,0.6413,0.043739482459454956,0.03909229286150126,0.051437845424000095,0.9919433198380567,0.990909090909091,0.9940559440559441,0.990575221238938
ames_housing,decision_tree,shapiq,kernel,128.0,shapiq / kernel,10,0.49460000000000004,0.488675,0.501475,0.25311354727005186,0.223002982103029,0.30501081628720866,0.8870629370629372,0.8779720279720281,0.9158641208429456,0.8273809523809523
ames_housing,decision_tree,shapiq,kernel,512.0,shapiq / kernel,10,0.64185,0.6261,0.64635,0.11279562025355173,0.09194902108573252,0.12138536270348908,0.9573426573426576,0.9461538461538462,0.9636363636363636,0.9013274336283186
ames_housing,decision_tree,shapiq,kernel,2048.0,shapiq / kernel,10,1.3367,1.32805,1.347875,0.0361256266938826,0.03035954076890727,0.04035164215696304,0.9853146853146855,0.9814685314685316,0.988811188811189,0.9513274336283186
ames_housing,decision_tree,shapiq,permutation,128.0,shapiq / permutation,10,2.1871,2.14375,2.2159,0.24063915657693274,0.22526637985451314,0.2693475946261046,0.9209790209790212,0.9155594405594407,0.9372506440927493,0.9340265486725664
ames_housing,decision_tree,shapiq,permutation,512.0,shapiq / permutation,10,5.3237000000000005,5.1861,5.371824999999999,0.11411549747916772,0.10292868158663543,0.13136445629783938,0.9713286713286715,0.9685314685314687,0.976923076923077,0.9644381223328592
ames_housing,decision_tree,shapiq,permutation,2048.0,shapiq / permutation,10,17.71865,17.523600000000002,17.823925000000003,0.05299947701955507,0.04909340864326382,0.06022887067226967,0.9908919151024413,0.988811188811189,0.9935314685314686,0.9869837758112094
ames_housing,gradient_boosting,dalex,permutation,128.0,dalex / permutation,10,2.3673,2.3538,2.391425,0.10273291972614255,0.09481293465514332,0.12247979705255681,0.9772727272727273,0.9748251748251751,0.9833756594282911,0.9681818181818183
ames_housing,gradient_boosting,dalex,permutation,512.0,dalex / permutation,10,9.063500000000001,8.991475000000001,9.0942,0.04365961217368652,0.04035046526621625,0.06087317491090513,0.9898417372101584,0.986888111888112,0.9921328671328673,0.9907627118644068
ames_housing,gradient_boosting,dalex,permutation,2048.0,dalex / permutation,10,36.1149,35.953075,36.45375,0.023454044057250253,0.022528107481901927,0.031371704894105706,0.9958041958041959,0.993881118881119,0.9975524475524477,0.9916666666666667
ames_housing,gradient_boosting,lightshap,kernel,128.0,lightshap / kernel,10,1.86165,1.6344750000000001,2.2974,0.022096733613444105,0.01965226550121496,0.023928516006806115,0.9930069930069931,0.9912587412587412,0.9965034965034967,0.9713636363636364
ames_housing,gradient_boosting,lightshap,kernel,512.0,lightshap / kernel,10,1.99985,1.633675,2.781175,0.02136691658971052,0.019640491622810965,0.023877507764439247,0.9930069930069931,0.9912587412587412,0.9965034965034967,0.9713636363636364
ames_housing,gradient_boosting,lightshap,kernel,2048.0,lightshap / kernel,10,2.00365,1.654325,2.8175,0.02136691658971052,0.019640491622810965,0.023877507764439247,0.9930069930069931,0.9912587412587412,0.9965034965034967,0.9713636363636364
ames_housing,gradient_boosting,lightshap,permutation,128.0,lightshap / permutation,10,1.7888,1.5703,2.1885250000000003,0.017961509794622764,0.017353409093294983,0.0197262426878776,0.9958041958041959,0.9940559440559442,0.9991258741258742,1.0
ames_housing,gradient_boosting,lightshap,permutation,512.0,lightshap / permutation,10,1.9118,1.56345,2.69585,0.01798319419801732,0.01664052422225632,0.01967950227769607,0.9958041958041959,0.9940559440559442,0.9991258741258742,1.0
ames_housing,gradient_boosting,lightshap,permutation,2048.0,lightshap / permutation,10,1.9147500000000002,1.5655999999999999,2.68365,0.01798319419801732,0.01664052422225632,0.01967950227769607,0.9958041958041959,0.9940559440559442,0.9991258741258742,1.0
ames_housing,gradient_boosting,shap,kernel,128.0,shap / kernel,10,0.13635,0.135825,0.13690000000000002,0.06261208364601518,0.058413660879989275,0.07131752949121271,0.978985739502839,0.9736442251817591,0.9833640299299535,0.97
ames_housing,gradient_boosting,shap,kernel,512.0,shap / kernel,10,0.36729999999999996,0.361475,0.37815,0.027727941386373266,0.024564287740847308,0.029136431903230148,0.9910698210816754,0.9879174519741528,0.9914954487010058,0.9899494949494949
ames_housing,gradient_boosting,shap,kernel,2048.0,shap / kernel,10,1.33525,1.308525,1.346275,0.010788952136868889,0.00913941545195842,0.011909582344020418,0.9957983747429592,0.9944848876148248,0.9966740328283822,1.0
ames_housing,gradient_boosting,shap,permutation,128.0,shap / permutation,10,0.16175,0.160975,0.16265000000000002,0.043288545030550615,0.03886008317414581,0.04533958559504705,0.9905594405594407,0.9889860139860142,0.991601030548399,0.9833333333333333
ames_housing,gradient_boosting,shap,permutation,512.0,shap / permutation,10,0.5709,0.5675250000000001,0.5769,0.022374131261550072,0.02038022237514389,0.028674004496309517,0.9954545454545456,0.9935271745798062,0.9963286713286714,0.9916666666666667
ames_housing,gradient_boosting,shap,permutation,2048.0,shap / permutation,10,2.2472000000000003,2.2359,2.267775,0.011879986145562222,0.010446803318171785,0.012800866748711478,0.9975524475524478,0.9972027972027974,0.9986001717580665,1.0
ames_housing,gradient_boosting,shapiq,kernel,128.0,shapiq / kernel,10,1.5442,1.5319,1.565625,0.14581436170807716,0.12311826147422107,0.15849821620177704,0.9520979020979021,0.9444055944055946,0.9573426573426574,0.8949858757062148
ames_housing,gradient_boosting,shapiq,kernel,512.0,shapiq / kernel,10,1.8792499999999999,1.870475,1.8882,0.06254039529509313,0.051086054765546736,0.0634234743945379,0.9804195804195805,0.9744755244755247,0.9865384615384616,0.9333333333333333
ames_housing,gradient_boosting,shapiq,kernel,2048.0,shapiq / kernel,10,3.30775,3.26825,3.33125,0.0190734523946307,0.017355865675526688,0.020532735646962348,0.9923076923076923,0.9900349650349651,0.9935314685314686,0.9648690292758089
ames_housing,gradient_boosting,shapiq,permutation,128.0,shapiq / permutation,10,7.25745,7.1792,7.328325,0.10360664411121837,0.0902329670093837,0.11698488624512189,0.9765734265734267,0.9737762237762239,0.981818181818182,0.9791666666666666
ames_housing,gradient_boosting,shapiq,permutation,512.0,shapiq / permutation,10,17.3244,17.190175,17.507025,0.05394108712614791,0.05225397656054054,0.06030584912027066,0.990909090909091,0.9877622377622379,0.9928321678321679,0.9871212121212121
ames_housing,gradient_boosting,shapiq,permutation,2048.0,shapiq / permutation,10,57.90095,57.51,58.394149999999996,0.027199763091277723,0.026255892574745976,0.027466722152932874,0.9958041958041959,0.9940559440559442,0.996853146853147,0.9916666666666667
ames_housing,linear_regularized,dalex,permutation,128.0,dalex / permutation,10,0.8841,0.876575,0.88805,7.586514909933026e-15,6.337311309479682e-15,8.05907101439935e-15,1.0,1.0,1.0,1.0
ames_housing,linear_regularized,dalex,permutation,512.0,dalex / permutation,10,3.4917,3.338375,3.52095,7.419200269378641e-15,6.360355834023334e-15,7.994386118400777e-15,1.0,1.0,1.0,1.0
ames_housing,linear_regularized,dalex,permutation,2048.0,dalex / permutation,10,13.18395,13.0765,13.355599999999999,7.45998398420572e-15,6.294088100348019e-15,7.965484465153428e-15,1.0,1.0,1.0,1.0
ames_housing,linear_regularized,lightshap,kernel,128.0,lightshap / kernel,10,0.051000000000000004,0.050225,0.051475,9.816437787795822e-15,9.37832620307272e-15,1.0825183989046129e-14,1.0,1.0,1.0,1.0
ames_housing,linear_regularized,lightshap,kernel,512.0,lightshap / kernel,10,0.04955,0.0494,0.05005,9.816437787795822e-15,9.37832620307272e-15,1.0825183989046129e-14,1.0,1.0,1.0,1.0
ames_housing,linear_regularized,lightshap,kernel,2048.0,lightshap / kernel,10,0.0495,0.049125,0.049775,9.816437787795822e-15,9.37832620307272e-15,1.0825183989046129e-14,1.0,1.0,1.0,1.0
ames_housing,linear_regularized,lightshap,permutation,128.0,lightshap / permutation,10,0.0701,0.06947500000000001,0.07037500000000001,7.763566841761015e-15,6.683956379214042e-15,8.538061769077086e-15,1.0,1.0,1.0,1.0
ames_housing,linear_regularized,lightshap,permutation,512.0,lightshap / permutation,10,0.06955,0.06895,0.07,7.763566841761015e-15,6.683956379214042e-15,8.538061769077086e-15,1.0,1.0,1.0,1.0
ames_housing,linear_regularized,lightshap,permutation,2048.0,lightshap / permutation,10,0.0696,0.069025,0.06997500000000001,7.763566841761015e-15,6.683956379214042e-15,8.538061769077086e-15,1.0,1.0,1.0,1.0
ames_housing,linear_regularized,shap,kernel,128.0,shap / kernel,10,0.04755,0.0468,0.048575,0.004908583935408762,0.0019301199618543346,0.009794923780180596,0.9963237695942129,0.9951854140831632,0.9982502173821434,1.0
ames_housing,linear_regularized,shap,kernel,512.0,shap / kernel,10,0.1178,0.11665,0.11905,0.0033081082208893794,0.0015425173070277433,0.006953927552093104,0.9982502173821434,0.997549690913805,0.9982502173821434,1.0
ames_housing,linear_regularized,shap,kernel,2048.0,shap / kernel,10,0.46155,0.456025,0.4646,0.0030709162085856274,0.0015331354063260313,0.006688047088159052,0.9982502173821434,0.9982502173821434,0.9982502173821434,1.0
ames_housing,linear_regularized,shap,permutation,128.0,shap / permutation,10,0.054599999999999996,0.053675,0.055375,7.61775479501954e-15,6.3996519007068724e-15,8.307541029769757e-15,1.0,1.0,1.0,1.0
ames_housing,linear_regularized,shap,permutation,512.0,shap / permutation,10,0.15895,0.15525,0.1606,6.623174380704933e-15,5.639460046441446e-15,7.227912007736518e-15,1.0,1.0,1.0,1.0
ames_housing,linear_regularized,shap,permutation,2048.0,shap / permutation,10,0.6046,0.594225,0.613125,6.42104300246633e-15,6.05022218072493e-15,7.114849516690202e-15,1.0,1.0,1.0,1.0
ames_housing,linear_regularized,shapiq,kernel,128.0,shapiq / kernel,10,0.51715,0.512425,0.5247999999999999,1.5398308906701326e-07,1.3768616479651203e-07,1.7680693954325196e-07,1.0,1.0,1.0,1.0
ames_housing,linear_regularized,shapiq,kernel,512.0,shapiq / kernel,10,0.64505,0.636275,0.6543749999999999,2.8824389806741376e-07,2.5153429530300586e-07,3.220366045998441e-07,1.0,1.0,1.0,1.0
ames_housing,linear_regularized,shapiq,kernel,2048.0,shapiq / kernel,10,1.29685,1.280775,1.317625,4.2112064022347556e-07,3.8852442310787085e-07,4.966396562557955e-07,1.0,1.0,1.0,1.0
ames_housing,linear_regularized,shapiq,permutation,128.0,shapiq / permutation,10,2.3078000000000003,2.284525,2.320475,7.751363110144612e-15,6.423742296999275e-15,8.54121110636202e-15,1.0,1.0,1.0,1.0
ames_housing,linear_regularized,shapiq,permutation,512.0,shapiq / permutation,10,5.58925,5.470875,5.60755,7.489889092361248e-15,6.2235687983577396e-15,7.912739360203869e-15,1.0,1.0,1.0,1.0
ames_housing,linear_regularized,shapiq,permutation,2048.0,shapiq / permutation,10,18.6918,18.573625,18.795625,7.734314946114549e-15,6.795405530787962e-15,7.999446683656242e-15,1.0,1.0,1.0,1.0
ames_housing,random_forest,dalex,permutation,128.0,dalex / permutation,10,10.6817,10.582875,10.69975,0.10683359585973987,0.09564104350207739,0.12482577269102392,0.9667832167832169,0.9625874125874126,0.9756766040976568,0.9583333333333333
ames_housing,random_forest,dalex,permutation,512.0,dalex / permutation,10,41.006699999999995,40.655325000000005,41.41565,0.04658144206937423,0.03917695860843777,0.06626383659515586,0.9905434915961232,0.9743006993006994,0.9914335664335665,0.9816666666666667
ames_housing,random_forest,dalex,permutation,2048.0,dalex / permutation,10,162.96245,161.58522499999998,164.62355,0.023614490545270816,0.021905609924573074,0.029474251940660456,0.9958041958041959,0.9926573426573427,0.9965004293951661,0.9916666666666667
ames_housing,random_forest,lightshap,kernel,128.0,lightshap / kernel,10,6.5709,5.7520999999999995,7.807525,0.027469251281555536,0.02330143837443768,0.029313819617142627,0.9933566433566434,0.9907342657342659,0.9942307692307694,0.9333333333333333
ames_housing,random_forest,lightshap,kernel,512.0,lightshap / kernel,10,7.7652,7.108225,9.0529,0.02705564119410371,0.023050085218346252,0.02783529052444688,0.9930069930069931,0.9907342657342659,0.9942307692307693,0.9375
ames_housing,random_forest,lightshap,kernel,2048.0,lightshap / kernel,10,7.809699999999999,7.17685,9.0699,0.027043027967035935,0.023050085218346252,0.027480506345218227,0.9930069930069931,0.9907342657342659,0.9942307692307693,0.9375
ames_housing,random_forest,lightshap,permutation,128.0,lightshap / permutation,10,6.305149999999999,5.680175,7.339725,0.020179074627424944,0.01886891553628557,0.022100922345434107,0.9960623713933305,0.9951048951048952,0.9965034965034965,1.0
ames_housing,random_forest,lightshap,permutation,512.0,lightshap / permutation,10,7.375249999999999,6.739974999999999,8.699125,0.019943300439817468,0.018151036077797125,0.022065009255099337,0.9954545454545456,0.9951048951048952,0.9964577591232386,1.0
ames_housing,random_forest,lightshap,permutation,2048.0,lightshap / permutation,10,7.376150000000001,6.7214,8.680275,0.019943300439817468,0.018151036077797125,0.021957191506283828,0.9954545454545456,0.9951048951048952,0.9964577591232386,1.0
ames_housing,random_forest,shap,kernel,128.0,shap / kernel,10,0.5991500000000001,0.5922000000000001,0.6021500000000001,0.06914242650245288,0.06393150611420853,0.08283462791657797,0.965850868221495,0.9621731042627188,0.9692251842464457,0.955
ames_housing,random_forest,shap,kernel,512.0,shap / kernel,10,1.7277,1.7063249999999999,1.751375,0.032297367515314465,0.027366823771452588,0.03438607921772745,0.9879174519741529,0.9845899512495457,0.9908071236560485,0.985
ames_housing,random_forest,shap,kernel,2048.0,shap / kernel,10,6.13585,5.974525,6.262825,0.012002477776483873,0.010168190950637574,0.014611774462087312,0.9938719269550287,0.9924708740183521,0.9966740328283822,0.995
ames_housing,random_forest,shap,permutation,128.0,shap / permutation,10,0.83995,0.8321500000000001,0.8449500000000001,0.04746922132985468,0.04650874775199048,0.053698562815895134,0.9873892773892774,0.9840909090909091,0.990909090909091,0.9866666666666666
ames_housing,random_forest,shap,permutation,512.0,shap / permutation,10,2.9920999999999998,2.9396750000000003,2.9946,0.027503450741856707,0.023243478477312986,0.03034653872977957,0.9951048951048951,0.9931818181818183,0.9970279720279721,1.0
ames_housing,random_forest,shap,permutation,2048.0,shap / permutation,10,11.6847,11.600525000000001,11.768550000000001,0.013246833952720027,0.01050855690581024,0.015926402184079466,0.9975524475524478,0.9959790209790211,0.9998251748251749,0.9958333333333333
ames_housing,random_forest,shapiq,kernel,128.0,shapiq / kernel,10,7.198,7.173325,7.22015,0.16953275059134965,0.14913261703229835,0.17820525277049706,0.9241258741258742,0.9169580419580422,0.9356643356643358,0.8683333333333334
ames_housing,random_forest,shapiq,kernel,512.0,shapiq / kernel,10,8.582450000000001,8.517875,8.680975,0.06630536656908007,0.05790357321544556,0.07115061199775964,0.9762237762237762,0.9657342657342657,0.9802447552447553,0.9041666666666667
ames_housing,random_forest,shapiq,kernel,2048.0,shapiq / kernel,10,14.191199999999998,14.094299999999999,14.213524999999999,0.022759738182493872,0.01920595510527383,0.023727740669411152,0.9912587412587414,0.9886363636363639,0.9928321678321679,0.9291666666666667
ames_housing,random_forest,shapiq,permutation,128.0,shapiq / permutation,10,33.54115,33.024425,33.784850000000006,0.10918138159254268,0.08992464394357359,0.11834743303868321,0.9699300699300699,0.9628763656145313,0.9795454545454547,0.9583333333333334
ames_housing,random_forest,shapiq,permutation,512.0,shapiq / permutation,10,80.4899,79.4775,81.653475,0.05397024014995486,0.05082309652421104,0.06346226107390761,0.9870629370629371,0.9848717236995518,0.991958041958042,0.9791666666666666
ames_housing,random_forest,shapiq,permutation,2048.0,shapiq / permutation,10,269.9507,265.6801,270.58515,0.025860947097351945,0.023248232022964197,0.030171038600107024,0.9940559440559442,0.9937062937062938,0.9962396502548199,0.9916666666666667
bike,decision_tree,dalex,permutation,128.0,dalex / permutation,10,0.94275,0.9277,0.949075,0.22819748873212814,0.17519772973057762,0.2530843248363877,0.938811188811189,0.933741258741259,0.9412587412587413,0.9359649122807018
bike,decision_tree,dalex,permutation,512.0,dalex / permutation,10,3.6847000000000003,3.60235,3.699875,0.1050376167745425,0.09832083925390143,0.11655045133200662,0.9776223776223777,0.9765734265734267,0.9826923076923078,0.9783299296573633
bike,decision_tree,dalex,permutation,2048.0,dalex / permutation,10,13.953949999999999,13.847199999999999,14.1709,0.05580412987284987,0.04545608094320765,0.07013083293639835,0.9884615384615385,0.9847902097902099,0.9942307692307691,0.9833333333333333
bike,decision_tree,lightshap,kernel,128.0,lightshap / kernel,10,2.5376,2.29995,2.755025,0.04053304271180738,0.037769848535767966,0.04250534679497897,0.9821678321678322,0.9793706293706294,0.9886363636363638,0.9333333333333333
bike,decision_tree,lightshap,kernel,512.0,lightshap / kernel,10,5.879,4.48095,8.60435,0.03063080727717047,0.02749862738764687,0.03309609243773972,0.9867132867132867,0.9816433566433567,0.9921328671328672,0.9416666666666667
bike,decision_tree,lightshap,kernel,2048.0,lightshap / kernel,10,8.093250000000001,7.0808,10.784975,0.029660407836001254,0.026346900609178596,0.03229092446335043,0.9877622377622377,0.9830419580419583,0.9923076923076923,0.95
bike,decision_tree,lightshap,permutation,128.0,lightshap / permutation,10,2.4259,2.195,2.644375,0.035135358373550266,0.03244825270469641,0.0386242439115771,0.9905594405594407,0.9875874125874127,0.9919580419580422,0.9781069642170066
bike,decision_tree,lightshap,permutation,512.0,lightshap / permutation,10,5.6282,4.297325,8.27535,0.0281690689828987,0.02464052208701952,0.029111267234513433,0.9944055944055945,0.9881118881118882,0.9961538461538463,0.986874805840323
bike,decision_tree,lightshap,permutation,2048.0,lightshap / permutation,10,7.8119499999999995,6.875275,10.25275,0.026826957140397248,0.02361888093016321,0.02908832117768682,0.9947552447552448,0.9881118881118882,0.9951048951048952,0.986874805840323
bike,decision_tree,shap,kernel,128.0,shap / kernel,10,0.051449999999999996,0.050775,0.0524,0.12246268072550173,0.11744711952922694,0.15111747117540678,0.9360784933171153,0.923731714312652,0.9417702708723642,0.93
bike,decision_tree,shap,kernel,512.0,shap / kernel,10,0.11560000000000001,0.114175,0.11672500000000001,0.05554293085852269,0.04967130441027953,0.061824871790259445,0.976008502012401,0.9643622494762759,0.9815251479505654,0.965
bike,decision_tree,shap,kernel,2048.0,shap / kernel,10,0.4495,0.442525,0.453175,0.020340486367209743,0.018331372993397925,0.02489980822909879,0.9935216637208597,0.9908071236560486,0.9947475850404517,1.0
bike,decision_tree,shap,permutation,128.0,shap / permutation,10,0.04765,0.047525,0.0479,0.14397012571209344,0.1293524663802904,0.17667772397843692,0.9538461538461539,0.9456293706293708,0.9618881118881121,0.9406609195402299
bike,decision_tree,shap,permutation,512.0,shap / permutation,10,0.16325,0.162075,0.16465000000000002,0.07036737128542603,0.0640575473710482,0.07600524226586815,0.9793706293706295,0.9762237762237764,0.9837412587412588,0.9734326018808778
bike,decision_tree,shap,permutation,2048.0,shap / permutation,10,0.6368499999999999,0.6329,0.6419999999999999,0.03602806984081207,0.030594701617554662,0.040642996157881923,0.9923076923076923,0.9903846153846155,0.9935314685314687,0.9871212121212121
bike,decision_tree,shapiq,kernel,128.0,shapiq / kernel,10,0.49685,0.492325,0.502,0.22619458890312233,0.21256676702480337,0.24343112362832064,0.8755244755244757,0.8575174825174827,0.8825174825174826,0.8375
bike,decision_tree,shapiq,kernel,512.0,shapiq / kernel,10,0.6366499999999999,0.6318,0.638525,0.085430947130992,0.08145979918061588,0.09577482230955378,0.9608391608391609,0.9480769230769233,0.967832167832168,0.9
bike,decision_tree,shapiq,kernel,2048.0,shapiq / kernel,10,1.3364,1.3214000000000001,1.34235,0.03008808072858404,0.026115744877301672,0.03125906916594618,0.9916083916083916,0.9886363636363639,0.9942307692307693,0.9541666666666666
bike,decision_tree,shapiq,permutation,128.0,shapiq / permutation,10,2.17645,2.157775,2.2077,0.2126917627687575,0.1804047503948375,0.24386603367699528,0.933916083916084,0.9255244755244756,0.9428321678321679,0.9208333333333334
bike,decision_tree,shapiq,permutation,512.0,shapiq / permutation,10,5.261950000000001,5.237325,5.297700000000001,0.10668294804497286,0.09300704364353296,0.1135043047850991,0.9769230769230771,0.9692307692307693,0.9802447552447555,0.9660919540229885
bike,decision_tree,shapiq,permutation,2048.0,shapiq / permutation,10,17.880200000000002,17.497049999999998,17.960475,0.05259794647695576,0.04867683195680495,0.05532812450786863,0.9874125874125876,0.9849650349650351,0.9893356643356643,0.9826836581709145
bike,gradient_boosting,dalex,permutation,128.0,dalex / permutation,10,2.3888,2.37065,2.4012000000000002,0.12491208780044374,0.09592340432456985,0.15420992582903126,0.9758741258741259,0.9727272727272728,0.9802447552447554,0.9708333333333333
bike,gradient_boosting,dalex,permutation,512.0,dalex / permutation,10,9.20995,9.150025,9.2532,0.053103312733521896,0.04949247344321678,0.058700339487949504,0.9888111888111889,0.9868881118881119,0.9940559440559442,0.9833333333333333
bike,gradient_boosting,dalex,permutation,2048.0,dalex / permutation,10,36.33385,35.987750000000005,36.5167,0.028576295864607415,0.025352043710588978,0.029843639032311665,0.9958041958041959,0.9944055944055945,0.9972027972027973,0.9958333333333333
bike,gradient_boosting,lightshap,kernel,128.0,lightshap / kernel,10,1.63225,1.358275,1.800375,0.03413519748727674,0.029031068101890167,0.03646759056242679,0.9902097902097904,0.9881118881118882,0.9944055944055945,0.9708333333333333
bike,gradient_boosting,lightshap,kernel,512.0,lightshap / kernel,10,1.7391999999999999,1.4060000000000001,2.0028,0.03362746445237083,0.028770683700664674,0.0363433164272041,0.9902097902097904,0.9881118881118882,0.993881118881119,0.9708333333333333
bike,gradient_boosting,lightshap,kernel,2048.0,lightshap / kernel,10,1.74305,1.4078,2.006675,0.03362746445237083,0.028770683700664674,0.0363433164272041,0.9902097902097904,0.9881118881118882,0.993881118881119,0.9708333333333333
bike,gradient_boosting,lightshap,permutation,128.0,lightshap / permutation,10,1.5856,1.3144500000000001,1.7602,0.02662755270960928,0.023222452802275133,0.028169682009111553,0.9940559440559442,0.9893356643356644,0.9951048951048952,0.9875
bike,gradient_boosting,lightshap,permutation,512.0,lightshap / permutation,10,1.65875,1.370025,1.9315,0.026202743441061802,0.023193574531378675,0.02745921158028309,0.9944055944055945,0.9893356643356644,0.9951048951048952,0.9875
bike,gradient_boosting,lightshap,permutation,2048.0,lightshap / permutation,10,1.66215,1.3716249999999999,1.9263000000000001,0.026202743441061802,0.023193574531378675,0.02745921158028309,0.9944055944055945,0.9893356643356644,0.9951048951048952,0.9875
bike,gradient_boosting,shap,kernel,128.0,shap / kernel,10,0.12695,0.12614999999999998,0.12777500000000003,0.06943288811780646,0.06500695550748445,0.07535819007733796,0.9786354762686698,0.9720680406279977,0.9823132402274461,0.98
bike,gradient_boosting,shap,kernel,512.0,shap / kernel,10,0.3256,0.323025,0.32915,0.035842561192147904,0.03356365616117495,0.03639666483990313,0.9898438997620833,0.9871293596972721,0.992733571443979,1.0
bike,gradient_boosting,shap,kernel,2048.0,shap / kernel,10,1.1741000000000001,1.1653,1.19455,0.020916546188686096,0.018137227422022322,0.021277833685355494,0.9964989012112977,0.9955356773173323,0.9971118618710936,1.0
bike,gradient_boosting,shap,permutation,128.0,shap / permutation,10,0.15275,0.15142499999999998,0.1534,0.04593429282695421,0.03986100495198153,0.049097312468356,0.9895104895104897,0.988811188811189,0.9926573426573426,0.9833333333333333
bike,gradient_boosting,shap,permutation,512.0,shap / permutation,10,0.5431999999999999,0.5418999999999999,0.547475,0.023893927900006016,0.02040321048965198,0.025514693747139532,0.9951048951048952,0.9945804195804197,0.9977272727272729,0.9916666666666667
bike,gradient_boosting,shap,permutation,2048.0,shap / permutation,10,2.1421,2.1293249999999997,2.167875,0.011706768613061703,0.00958464652842304,0.012274372723015625,0.9982517482517483,0.9966783216783218,0.9986013986013986,0.9916666666666667
bike,gradient_boosting,shapiq,kernel,128.0,shapiq / kernel,10,1.5572,1.541775,1.5633000000000001,0.1569451511903975,0.14261260005260237,0.1621663768136149,0.9307692307692309,0.9201048951048952,0.9527972027972029,0.8821969696969697
bike,gradient_boosting,shapiq,kernel,512.0,shapiq / kernel,10,1.83835,1.819025,1.849175,0.060251377161172126,0.05739680082171088,0.06629212752799388,0.983916083916084,0.971853146853147,0.986888111888112,0.9375
bike,gradient_boosting,shapiq,kernel,2048.0,shapiq / kernel,10,3.1616999999999997,3.131175,3.177275,0.020219420216964393,0.01908000495757539,0.02229239843864988,0.9951048951048952,0.9931818181818183,0.9961538461538462,0.975
bike,gradient_boosting,shapiq,permutation,128.0,shapiq / permutation,10,7.3139,7.256,7.324624999999999,0.11830329485693952,0.10948665171547262,0.12506800974058263,0.9727272727272729,0.9671328671328674,0.9756993006993009,0.95
bike,gradient_boosting,shapiq,permutation,512.0,shapiq / permutation,10,17.4473,17.3726,17.605649999999997,0.05914474711165399,0.05662885782763898,0.06567352341832162,0.9895104895104897,0.9895104895104895,0.9902097902097904,0.9833333333333333
bike,gradient_boosting,shapiq,permutation,2048.0,shapiq / permutation,10,58.090149999999994,57.788075,58.5312,0.028845816364136648,0.02688055129391841,0.029357448367223548,0.9958041958041959,0.9951048951048952,0.9972027972027974,0.9958333333333333
bike,linear_regularized,dalex,permutation,128.0,dalex / permutation,10,0.9035500000000001,0.89695,0.909975,3.920801122561437e-15,3.3727898520010677e-15,4.398499790871239e-15,1.0,1.0,1.0,1.0
bike,linear_regularized,dalex,permutation,512.0,dalex / permutation,10,3.39955,3.387525,3.49565,3.815922672762798e-15,3.2826885201938357e-15,4.360885607394044e-15,1.0,1.0,1.0,1.0
bike,linear_regularized,dalex,permutation,2048.0,dalex / permutation,10,13.644649999999999,13.56055,13.7172,3.8423284225635445e-15,3.3363958663049332e-15,4.3570625175882315e-15,1.0,1.0,1.0,1.0
bike,linear_regularized,lightshap,kernel,128.0,lightshap / kernel,10,0.05135,0.050625,0.05165,6.1212742227559544e-15,5.905607831261056e-15,6.4971619232510296e-15,1.0,1.0,1.0,1.0
bike,linear_regularized,lightshap,kernel,512.0,lightshap / kernel,10,0.05035,0.0502,0.050775,6.1212742227559544e-15,5.905607831261056e-15,6.4971619232510296e-15,1.0,1.0,1.0,1.0
bike,linear_regularized,lightshap,kernel,2048.0,lightshap / kernel,10,0.0503,0.049874999999999996,0.0508,6.1212742227559544e-15,5.905607831261056e-15,6.4971619232510296e-15,1.0,1.0,1.0,1.0
bike,linear_regularized,lightshap,permutation,128.0,lightshap / permutation,10,0.07089999999999999,0.070425,0.0716,3.901477229043705e-15,3.4161013143849916e-15,4.4842371579731254e-15,1.0,1.0,1.0,1.0
bike,linear_regularized,lightshap,permutation,512.0,lightshap / permutation,10,0.07089999999999999,0.0705,0.071275,3.901477229043705e-15,3.4161013143849916e-15,4.4842371579731254e-15,1.0,1.0,1.0,1.0
bike,linear_regularized,lightshap,permutation,2048.0,lightshap / permutation,10,0.07045,0.070225,0.07105,3.901477229043705e-15,3.4161013143849916e-15,4.4842371579731254e-15,1.0,1.0,1.0,1.0
bike,linear_regularized,shap,kernel,128.0,shap / kernel,10,0.0474,0.0469,0.04775,0.01626455984890177,0.010641318733165317,0.01891132178959476,0.9947475850404517,0.9941346243806557,0.995710808934417,1.0
bike,linear_regularized,shap,kernel,512.0,shap / kernel,10,0.11660000000000001,0.11612499999999999,0.11737500000000001,0.014244999770865966,0.010605577856513337,0.015921487155898167,0.9970242960625513,0.9962362037856707,0.9980750857650588,1.0
bike,linear_regularized,shap,kernel,2048.0,shap / kernel,10,0.46635000000000004,0.458725,0.47175,0.01372340906285165,0.009189025751124463,0.015832014128012224,0.9977248225308897,0.9969367302540091,0.9982502173821434,1.0
bike,linear_regularized,shap,permutation,128.0,shap / permutation,10,0.054650000000000004,0.053875,0.055225,3.8501521998657864e-15,3.418643012907415e-15,4.380148484918569e-15,1.0,1.0,1.0,1.0
bike,linear_regularized,shap,permutation,512.0,shap / permutation,10,0.15910000000000002,0.15735,0.160675,3.687651107486572e-15,3.1172811460236147e-15,4.1495228168804865e-15,1.0,1.0,1.0,1.0
bike,linear_regularized,shap,permutation,2048.0,shap / permutation,10,0.6059,0.5962999999999999,0.610775,3.9041296638846026e-15,3.300407064014659e-15,4.372059232536317e-15,1.0,1.0,1.0,1.0
bike,linear_regularized,shapiq,kernel,128.0,shapiq / kernel,10,0.5188999999999999,0.515125,0.5218,1.3998778839664424e-07,1.263136626329681e-07,1.5292596234192777e-07,1.0,1.0,1.0,1.0
bike,linear_regularized,shapiq,kernel,512.0,shapiq / kernel,10,0.64855,0.646425,0.6543249999999999,2.6311877682115873e-07,2.3273990905943338e-07,2.8065442720897127e-07,1.0,1.0,1.0,1.0
bike,linear_regularized,shapiq,kernel,2048.0,shapiq / kernel,10,1.3098,1.2922,1.3148,3.6413120476142327e-07,2.961747989632611e-07,4.1605587615384083e-07,1.0,1.0,1.0,1.0
bike,linear_regularized,shapiq,permutation,128.0,shapiq / permutation,10,2.30455,2.285575,2.3168,3.9193598685345235e-15,3.494717147508176e-15,4.504623568869219e-15,1.0,1.0,1.0,1.0
bike,linear_regularized,shapiq,permutation,512.0,shapiq / permutation,10,5.56935,5.5306,5.62535,3.7590834012951594e-15,3.3791684986896937e-15,4.307705940828681e-15,1.0,1.0,1.0,1.0
bike,linear_regularized,shapiq,permutation,2048.0,shapiq / permutation,10,18.6462,18.475775,18.79055,4.29507283132413e-15,3.677393064091152e-15,4.810442462097087e-15,1.0,1.0,1.0,1.0
bike,random_forest,dalex,permutation,128.0,dalex / permutation,10,10.5765,10.530899999999999,10.748875,0.12406874856301132,0.10259728312558877,0.1341602298089488,0.9741258741258743,0.9666083916083918,0.9804195804195807,0.9651515151515151
bike,random_forest,dalex,permutation,512.0,dalex / permutation,10,40.947649999999996,40.57045,41.255625,0.0550326887797155,0.0489332591608026,0.06509398019024615,0.9895104895104897,0.9882867132867134,0.9900349650349652,0.9916666666666667
bike,random_forest,dalex,permutation,2048.0,dalex / permutation,10,162.68984999999998,161.597275,163.085375,0.03142249711882128,0.026443046015577454,0.036463360753177666,0.9958041958041959,0.9909090909090911,0.9965034965034967,1.0
bike,random_forest,lightshap,kernel,128.0,lightshap / kernel,10,6.30425,6.01755,7.87385,0.03298534549530799,0.031201406273810003,0.03533662758217539,0.9884615384615385,0.9851398601398602,0.9907342657342658,0.9458333333333333
bike,random_forest,lightshap,kernel,512.0,lightshap / kernel,10,8.65855,6.5862,10.044025000000001,0.03146921077369354,0.029857919183559796,0.03339494852454814,0.9881118881118882,0.9851398601398602,0.9914335664335665,0.9458333333333333
bike,random_forest,lightshap,kernel,2048.0,lightshap / kernel,10,8.6599,6.601825,10.041875,0.03146921077369354,0.029857919183559796,0.03339494852454814,0.9881118881118882,0.9851398601398602,0.9914335664335665,0.9458333333333333
bike,random_forest,lightshap,permutation,128.0,lightshap / permutation,10,6.002599999999999,5.711975,7.399825,0.025174135132338016,0.023327388838562314,0.027982436095638344,0.9944055944055945,0.9931818181818183,0.9975524475524478,0.9875
bike,random_forest,lightshap,permutation,512.0,lightshap / permutation,10,8.1314,6.27895,9.493925,0.023519752725639005,0.023167321014318426,0.027982436095638344,0.9944055944055945,0.9930069930069931,0.9977272727272729,0.9875
bike,random_forest,lightshap,permutation,2048.0,lightshap / permutation,10,8.14585,6.265775,9.503725000000001,0.023519752725639005,0.02317672138865387,0.027982436095638344,0.9944055944055945,0.9930069930069931,0.9977272727272729,0.9875
bike,random_forest,shap,kernel,128.0,shap / kernel,10,0.5951500000000001,0.581925,0.60165,0.08022645562990519,0.06479959460080482,0.08767345576044214,0.9542921814939123,0.9436967186602947,0.9683902766692214,0.945
bike,random_forest,shap,kernel,512.0,shap / kernel,10,1.7109999999999999,1.676525,1.7428249999999998,0.03515445303577019,0.029717221876779255,0.03611883078216777,0.9856407409520532,0.9824883718445306,0.9883552810168643,0.99
bike,random_forest,shap,kernel,2048.0,shap / kernel,10,6.085,5.936775,6.2048499999999995,0.0153976695494703,0.01365436251983199,0.016710749648826552,0.9959735063600439,0.9942221901891981,0.9979875199565165,1.0
bike,random_forest,shap,permutation,128.0,shap / permutation,10,0.8385,0.82345,0.851425,0.05708274265421817,0.052855745915045035,0.0645848928692144,0.9891608391608393,0.9861888111888113,0.9916083916083916,0.9791666666666666
bike,random_forest,shap,permutation,512.0,shap / permutation,10,3.00095,2.948025,3.0275,0.028499278881428246,0.025884119724385254,0.030316321847237992,0.9933566433566434,0.9924825174825175,0.9949300699300699,0.9833333333333333
bike,random_forest,shap,permutation,2048.0,shap / permutation,10,11.716149999999999,11.5191,11.831199999999999,0.011830630838528788,0.011172591044852936,0.014414702583428163,0.9989510489510489,0.996853146853147,0.9993006993006993,1.0
bike,random_forest,shapiq,kernel,128.0,shapiq / kernel,10,7.16065,7.0741,7.254575,0.16548402819203029,0.1574622760891042,0.18139326021220786,0.9010489510489512,0.8853146853146854,0.931993006993007,0.8666666666666667
bike,random_forest,shapiq,kernel,512.0,shapiq / kernel,10,8.58345,8.471275,8.65985,0.06344727941490486,0.06073285870399617,0.07443996325038159,0.9622377622377623,0.9526223776223777,0.9713286713286715,0.925
bike,random_forest,shapiq,kernel,2048.0,shapiq / kernel,10,13.97105,13.794725,14.04465,0.021635540770283068,0.020129896176293197,0.025631109030424138,0.9898601398601401,0.988986013986014,0.99493006993007,0.9458333333333333
bike,random_forest,shapiq,permutation,128.0,shapiq / permutation,10,33.288250000000005,32.988375,33.832300000000004,0.1147394941877828,0.10793596196586876,0.1367987332828507,0.9706293706293707,0.9641608391608392,0.9819930069930071,0.9458333333333333
bike,random_forest,shapiq,permutation,512.0,shapiq / permutation,10,80.0424,79.40565000000001,81.7082,0.05918873620947063,0.0489068738837787,0.06297071602218329,0.9923076923076923,0.9888111888111888,0.9940559440559442,0.975
bike,random_forest,shapiq,permutation,2048.0,shapiq / permutation,10,268.3299,266.211775,271.523075,0.026606400279100835,0.025209866581418324,0.03258157298218922,0.9954545454545456,0.993881118881119,0.9977272727272729,0.9916666666666667
covertype,decision_tree,dalex,permutation,128.0,dalex / permutation,10,0.97435,0.9682499999999999,0.9856499999999999,0.4364620502129275,0.37033979833474806,0.49153213133951534,0.8816268090296869,0.8199300699300701,0.9056324044345728,0.9112179487179488
covertype,decision_tree,dalex,permutation,512.0,dalex / permutation,10,3.68405,3.678325,3.7015,0.20951203161082588,0.19363169971339467,0.2961511663477624,0.9545454545454546,0.9430069930069931,0.9614928783194587,0.9497899159663865
covertype,decision_tree,dalex,permutation,2048.0,dalex / permutation,10,14.577300000000001,14.49605,14.644275,0.10781322479753011,0.10073253737394877,0.12218066840611456,0.9849650349650351,0.9783216783216784,0.9865384615384615,0.9828171091445428
covertype,decision_tree,lightshap,kernel,128.0,lightshap / kernel,10,1.99275,1.9618250000000002,2.014275,0.05874301132903972,0.0555250304937347,0.07349250830752964,0.9867132867132868,0.9811188811188812,0.9872377622377624,0.9708333333333333
covertype,decision_tree,lightshap,kernel,512.0,lightshap / kernel,10,7.30705,7.05105,7.521075,0.03195074983794417,0.027632220133380556,0.0349733376796483,0.9944055944055944,0.9917832167832168,0.9956293706293707,0.9833333333333333
covertype,decision_tree,lightshap,kernel,2048.0,lightshap / kernel,10,15.905650000000001,14.0483,16.4752,0.023724583573154226,0.021862660196969887,0.025048906807374163,0.9951048951048952,0.9928321678321679,0.9965034965034965,0.9875
covertype,decision_tree,lightshap,permutation,128.0,lightshap / permutation,10,1.851,1.8043,1.8673250000000001,0.05268647726693943,0.04848003423489822,0.05877013435976888,0.9905594405594407,0.9842657342657344,0.9921328671328672,0.9791666666666666
covertype,decision_tree,lightshap,permutation,512.0,lightshap / permutation,10,6.7702,6.52655,7.0086,0.02951148946578416,0.025175273392338368,0.03181496732051923,0.9951048951048952,0.9944055944055945,0.9958041958041959,0.9914085545722714
covertype,decision_tree,lightshap,permutation,2048.0,lightshap / permutation,10,14.6964,13.215824999999999,15.28525,0.022902689571225765,0.020129981411412368,0.024087717797338995,0.9965034965034966,0.9958041958041959,0.9970279720279722,0.9916666666666667
covertype,decision_tree,shap,kernel,128.0,shap / kernel,10,0.0494,0.049025,0.049975000000000006,0.3440409681893376,0.3154895864430994,0.3641717532403568,0.8705792685274798,0.8540293307129865,0.8851151927455004,0.91
covertype,decision_tree,shap,kernel,512.0,shap / kernel,10,0.11224999999999999,0.1121,0.1142,0.1466761747064663,0.14207242869172107,0.15457564101088134,0.9516652072376435,0.9422080999150759,0.9658508682214949,0.97
covertype,decision_tree,shap,kernel,2048.0,shap / kernel,10,0.42710000000000004,0.42112499999999997,0.431375,0.06380433292103947,0.05516012738772973,0.06596649464348127,0.9884428468254067,0.9845899512495458,0.9911573868902178,1.0
covertype,decision_tree,shap,permutation,128.0,shap / permutation,10,0.0463,0.0458,0.04705,0.28218795439197164,0.2734933829829605,0.29151364174500544,0.9220808334518898,0.9048513603296586,0.9269502738748537,0.925
covertype,decision_tree,shap,permutation,512.0,shap / permutation,10,0.15789999999999998,0.156825,0.15940000000000001,0.12995888862092064,0.121705940150012,0.1519463197618287,0.9692307692307693,0.9569930069930072,0.9748251748251751,0.9666666666666667
covertype,decision_tree,shap,permutation,2048.0,shap / permutation,10,0.6195999999999999,0.6115250000000001,0.629525,0.06381073222919048,0.057306417482781584,0.07481145011306278,0.986013986013986,0.982867132867133,0.9893356643356643,0.9874649859943978
covertype,decision_tree,shapiq,kernel,128.0,shapiq / kernel,10,0.49115,0.482275,0.497525,0.7046222708761701,0.6800478722684036,0.7312292928725281,0.6727272727272728,0.6610139860139861,0.6965034965034966,0.75
covertype,decision_tree,shapiq,kernel,512.0,shapiq / kernel,10,0.6234999999999999,0.621375,0.638,0.33219745361229147,0.30903091268036686,0.34749595981680115,0.868881118881119,0.8604895104895106,0.8795454545454547,0.8416666666666667
covertype,decision_tree,shapiq,kernel,2048.0,shapiq / kernel,10,1.28675,1.28115,1.3126250000000002,0.10415278366020095,0.1017907204392356,0.11250916764076346,0.9723776223776224,0.9575174825174827,0.9791958041958043,0.9375
covertype,decision_tree,shapiq,permutation,128.0,shapiq / permutation,10,2.15415,2.1233500000000003,2.1736,0.48406965518238576,0.4166218871780071,0.49579905450062867,0.8487235159759435,0.8184828208898716,0.8907276006822085,0.893204238217026
covertype,decision_tree,shapiq,permutation,512.0,shapiq / permutation,10,5.18295,5.135775,5.219275,0.22159473498153703,0.2102476680318066,0.2535077757622446,0.9563801230108605,0.9437062937062939,0.9624125874125876,0.95
covertype,decision_tree,shapiq,permutation,2048.0,shapiq / permutation,10,17.4326,17.248150000000003,17.501099999999997,0.10925159059312604,0.10654245844780279,0.11351165650733969,0.9822542488849864,0.9786713286713289,0.9837412587412588,0.975
covertype,gradient_boosting,dalex,permutation,128.0,dalex / permutation,10,10.48925,10.42915,10.53935,0.2160918369645433,0.1736409940230928,0.3027681449876076,0.9555944055944057,0.9181818181818184,0.9620629370629372,0.9333333333333333
covertype,gradient_boosting,dalex,permutation,512.0,dalex / permutation,10,40.3305,40.024275,40.480575,0.12070013324011888,0.10187088093570772,0.13019636393659337,0.9793706293706295,0.9763986013986015,0.983916083916084,0.9666666666666667
covertype,gradient_boosting,dalex,permutation,2048.0,dalex / permutation,10,159.67865,158.26352500000002,160.3978,0.057311333215783085,0.055931381700465216,0.0623358764962533,0.9902097902097904,0.9884615384615387,0.9933566433566434,0.9791666666666666
covertype,gradient_boosting,lightshap,kernel,128.0,lightshap / kernel,10,6.43795,5.5504,8.293875,0.027100517588896623,0.025062815129110294,0.03492749477988913,0.9958041958041959,0.9945804195804198,0.9975524475524478,0.9833333333333333
covertype,gradient_boosting,lightshap,kernel,512.0,lightshap / kernel,10,7.1737,5.5699749999999995,8.951875000000001,0.027128929503878862,0.024863226578963376,0.033549481765465426,0.9958041958041959,0.9945804195804198,0.9975524475524478,0.9875
covertype,gradient_boosting,lightshap,kernel,2048.0,lightshap / kernel,10,7.18665,5.575725,9.025974999999999,0.027128929503878862,0.024863226578963376,0.033549481765465426,0.9958041958041959,0.9945804195804198,0.9975524475524478,0.9875
covertype,gradient_boosting,lightshap,permutation,128.0,lightshap / permutation,10,6.0703499999999995,5.3324,7.7526,0.024513966152993935,0.022528336428082756,0.02727968363452766,0.996853146853147,0.9965034965034967,0.9977272727272729,0.9916666666666667
covertype,gradient_boosting,lightshap,permutation,512.0,lightshap / permutation,10,6.725,5.2669,8.38585,0.024250788934492493,0.02198924919447232,0.02727968363452766,0.9972027972027974,0.9965034965034967,0.9977272727272729,0.9916666666666667
covertype,gradient_boosting,lightshap,permutation,2048.0,lightshap / permutation,10,6.73305,5.2773,8.371925000000001,0.024250788934492493,0.02198924919447232,0.02727968363452766,0.9972027972027974,0.9965034965034967,0.9977272727272729,0.9916666666666667
covertype,gradient_boosting,shap,kernel,128.0,shap / kernel,10,0.5448,0.5380499999999999,0.545875,0.19970415818099715,0.186406387358712,0.22079587397696637,0.9495636278326284,0.9421205341065335,0.9526284311316087,0.96
covertype,gradient_boosting,shap,kernel,512.0,shap / kernel,10,1.6045,1.599125,1.624575,0.09888086593342632,0.0836208347781795,0.10474425783132273,0.9796862659711774,0.9777598181832468,0.981962976993277,0.99
covertype,gradient_boosting,shap,kernel,2048.0,shap / kernel,10,6.0388,6.011875,6.0835,0.04770298551196418,0.0444982681167053,0.052625434656276435,0.9922957424012676,0.9904568604218793,0.9951854140831631,1.0
covertype,gradient_boosting,shap,permutation,128.0,shap / permutation,10,0.80365,0.7939,0.805925,0.06426054285720197,0.05833425212862708,0.06854923229742518,0.9902097902097904,0.9882867132867135,0.990909090909091,0.9833333333333333
covertype,gradient_boosting,shap,permutation,512.0,shap / permutation,10,2.8911,2.8731750000000003,2.9136,0.03255688964504137,0.031469687852100144,0.03442519466157522,0.994055944055944,0.9924825174825176,0.99493006993007,0.9916666666666667
covertype,gradient_boosting,shap,permutation,2048.0,shap / permutation,10,11.410699999999999,11.286200000000001,11.481575,0.016229786114262994,0.01584132850538924,0.017297651902513596,0.997902097902098,0.9965034965034967,0.9986013986013986,0.9916666666666667
covertype,gradient_boosting,shapiq,kernel,128.0,shapiq / kernel,10,7.10375,7.057075,7.160075,0.45828521934099253,0.4382644600149218,0.4818594182789927,0.8381118881118882,0.8202797202797204,0.8561188811188811,0.8291666666666666
covertype,gradient_boosting,shapiq,kernel,512.0,shapiq / kernel,10,8.3233,8.24625,8.344975,0.19705054048456117,0.19239202370279945,0.20941726149901696,0.9503496503496505,0.9400349650349651,0.9566433566433566,0.9125
covertype,gradient_boosting,shapiq,kernel,2048.0,shapiq / kernel,10,13.328800000000001,13.2346,13.4008,0.06694186761838894,0.06154885644383412,0.07391299448284855,0.9891608391608393,0.9853146853146854,0.9907342657342658,0.9583333333333334
covertype,gradient_boosting,shapiq,permutation,128.0,shapiq / permutation,10,34.10495,33.9087,34.275825,0.24507583729695742,0.21139815659127908,0.2643610198840388,0.9311188811188812,0.9192307692307693,0.941958041958042,0.9291666666666667
covertype,gradient_boosting,shapiq,permutation,512.0,shapiq / permutation,10,81.1292,80.869325,81.49285,0.12186111365809793,0.11254269274775516,0.14439147274178954,0.9772727272727273,0.9709790209790211,0.9802447552447554,0.9625
covertype,gradient_boosting,shapiq,permutation,2048.0,shapiq / permutation,10,269.54245000000003,268.51785,270.914775,0.059704480732464205,0.0545558403417911,0.0638874907147104,0.9912587412587412,0.9896853146853147,0.9928321678321679,0.9833333333333333
covertype,linear_regularized,dalex,permutation,128.0,dalex / permutation,10,1.0257999999999998,1.01555,1.0521,3.747725522013654e-15,3.2572221033047254e-15,4.100337023851048e-15,1.0,1.0,1.0,1.0
covertype,linear_regularized,dalex,permutation,512.0,dalex / permutation,10,3.8923,3.84245,3.982,3.674083448280342e-15,3.1501966728197364e-15,3.979682196454294e-15,1.0,1.0,1.0,1.0
covertype,linear_regularized,dalex,permutation,2048.0,dalex / permutation,10,15.5405,15.46485,15.8505,3.6998454369980375e-15,3.228916822959879e-15,3.916780015859244e-15,1.0,1.0,1.0,1.0
covertype,linear_regularized,lightshap,kernel,128.0,lightshap / kernel,10,0.03535,0.0349,0.03575,5.798446307027304e-15,5.488716192962621e-15,6.541574269689156e-15,1.0,1.0,1.0,1.0
covertype,linear_regularized,lightshap,kernel,512.0,lightshap / kernel,10,0.034100000000000005,0.034,0.0346,5.798446307027304e-15,5.488716192962621e-15,6.541574269689156e-15,1.0,1.0,1.0,1.0
covertype,linear_regularized,lightshap,kernel,2048.0,lightshap / kernel,10,0.03405,0.033824999999999994,0.034475000000000006,5.798446307027304e-15,5.488716192962621e-15,6.541574269689156e-15,1.0,1.0,1.0,1.0
covertype,linear_regularized,lightshap,permutation,128.0,lightshap / permutation,10,0.047,0.046650000000000004,0.047349999999999996,3.93657875893753e-15,3.3206125756557115e-15,4.020447463755447e-15,1.0,1.0,1.0,1.0
covertype,linear_regularized,lightshap,permutation,512.0,lightshap / permutation,10,0.04685,0.04655,0.04725,3.93657875893753e-15,3.3206125756557115e-15,4.020447463755447e-15,1.0,1.0,1.0,1.0
covertype,linear_regularized,lightshap,permutation,2048.0,lightshap / permutation,10,0.0469,0.04655,0.047325,3.93657875893753e-15,3.3206125756557115e-15,4.020447463755447e-15,1.0,1.0,1.0,1.0
covertype,linear_regularized,shap,kernel,128.0,shap / kernel,10,0.04975,0.04895,0.050275,0.001986053611090703,0.0010037655223465011,0.0021927116102045323,0.9982502173821434,0.9964113354027553,0.9982502173821434,1.0
covertype,linear_regularized,shap,kernel,512.0,shap / kernel,10,0.13465,0.133975,0.135,0.001548073954213375,0.0006148364116424988,0.0018649024093361326,0.9982502173821434,0.9982502173821434,0.9982502173821434,1.0
covertype,linear_regularized,shap,kernel,2048.0,shap / kernel,10,0.5286,0.5228,0.5340750000000001,0.0014986233172401557,0.0006033667264140309,0.0018611276533823994,0.9982502173821434,0.9982502173821434,0.9982502173821434,1.0
covertype,linear_regularized,shap,permutation,128.0,shap / permutation,10,0.057550000000000004,0.057124999999999995,0.0578,3.945598963423649e-15,3.420682221878499e-15,4.136037201829014e-15,1.0,1.0,1.0,1.0
covertype,linear_regularized,shap,permutation,512.0,shap / permutation,10,0.16385,0.16305,0.165075,3.5191188712303218e-15,3.0763734547047953e-15,3.874844293085181e-15,1.0,1.0,1.0,1.0
covertype,linear_regularized,shap,permutation,2048.0,shap / permutation,10,0.63125,0.6290250000000001,0.6352,3.620522071206577e-15,3.305583210885556e-15,4.208802185414231e-15,1.0,1.0,1.0,1.0
covertype,linear_regularized,shapiq,kernel,128.0,shapiq / kernel,10,0.52155,0.519725,0.52685,1.1070676309153043e-07,9.79144531263924e-08,1.1869505056396829e-07,1.0,1.0,1.0,1.0
covertype,linear_regularized,shapiq,kernel,512.0,shapiq / kernel,10,0.66325,0.652125,0.66965,2.0692150164058984e-07,2.042632954957984e-07,2.128725505610354e-07,1.0,1.0,1.0,1.0
covertype,linear_regularized,shapiq,kernel,2048.0,shapiq / kernel,10,1.33795,1.3168,1.3545500000000001,1.8194796048744943e-07,1.7134602415888955e-07,2.1717760397651726e-07,1.0,1.0,1.0,1.0
covertype,linear_regularized,shapiq,permutation,128.0,shapiq / permutation,10,2.34225,2.2964,2.367125,4.103784401592754e-15,3.291008459233101e-15,4.502738706423667e-15,1.0,1.0,1.0,1.0
covertype,linear_regularized,shapiq,permutation,512.0,shapiq / permutation,10,5.664,5.559375,5.7524,3.9004615634526446e-15,3.2306055938715367e-15,4.224503892082024e-15,1.0,1.0,1.0,1.0
covertype,linear_regularized,shapiq,permutation,2048.0,shapiq / permutation,10,18.94565,18.690075,19.30845,4.217538020392447e-15,3.845128554787722e-15,4.926092378717008e-15,1.0,1.0,1.0,1.0
covertype,random_forest,dalex,permutation,128.0,dalex / permutation,10,10.2779,10.203325,10.512475,0.45041904084557494,0.33137478388947783,0.5649571202193155,0.7786713286713287,0.7587412587412589,0.8470279720279721,0.8333333333333334
covertype,random_forest,dalex,permutation,512.0,dalex / permutation,10,39.577650000000006,39.431775,40.41925,0.2564456998013402,0.21741259443657598,0.2907743603808992,0.9178321678321679,0.8975524475524477,0.9463286713286714,0.9083333333333333
covertype,random_forest,dalex,permutation,2048.0,dalex / permutation,10,157.08225,155.92262499999998,160.58335,0.12181162825364143,0.1099840342035485,0.13613891436955644,0.970979020979021,0.9666083916083916,0.9736013986013988,0.9458333333333333
covertype,random_forest,lightshap,kernel,128.0,lightshap / kernel,10,9.370249999999999,8.280325,10.963025,0.03690164121320418,0.03604769590559603,0.037901428305075716,0.9926573426573426,0.9910839160839161,0.99493006993007,0.975
covertype,random_forest,lightshap,kernel,512.0,lightshap / kernel,10,13.6751,10.953575,16.643525,0.03511601854616163,0.03340494401116323,0.036155039108721344,0.993006993006993,0.9910839160839161,0.9947552447552448,0.975
covertype,random_forest,lightshap,kernel,2048.0,lightshap / kernel,10,15.0661,10.96085,17.381875,0.03511601854616163,0.0332548853841918,0.036155039108721344,0.9926573426573426,0.9910839160839161,0.9945804195804197,0.975
covertype,random_forest,lightshap,permutation,128.0,lightshap / permutation,10,8.818200000000001,7.80525,10.2499,0.02910653776919202,0.027520901250070492,0.03128827868805037,0.9933566433566434,0.9917832167832168,0.9942307692307694,0.9916666666666667
covertype,random_forest,lightshap,permutation,512.0,lightshap / permutation,10,12.771,10.32765,15.70015,0.028089578280482544,0.02590745144292575,0.02920225384901576,0.9933566433566434,0.9924825174825175,0.99493006993007,0.9916666666666667
covertype,random_forest,lightshap,permutation,2048.0,lightshap / permutation,10,14.0578,10.33465,16.185975,0.028060454765105394,0.02590745144292575,0.02920225384901576,0.9930069930069931,0.9924825174825175,0.99493006993007,0.9916666666666667
covertype,random_forest,shap,kernel,128.0,shap / kernel,10,0.5125500000000001,0.506575,0.51805,0.4380252716627818,0.37229098501287505,0.48741373506159724,0.7998260952253069,0.7672516144475738,0.8315249179176171,0.855
covertype,random_forest,shap,kernel,512.0,shap / kernel,10,1.49495,1.47465,1.5084,0.19018150872602524,0.1830175213865355,0.2017607748236272,0.9264462543774629,0.9178648051403182,0.9362536249341998,0.945
covertype,random_forest,shap,kernel,2048.0,shap / kernel,10,6.23715,6.16955,6.245975,0.07889935469926068,0.07501114361172431,0.08451075790710628,0.9814375821420233,0.9791608711199236,0.9860785699947647,0.995
covertype,random_forest,shap,permutation,128.0,shap / permutation,10,0.7685500000000001,0.759575,0.7757499999999999,0.10828659062685528,0.09485246807044732,0.11684783972126041,0.9664335664335665,0.9606643356643357,0.9758741258741259,0.9416666666666667
covertype,random_forest,shap,permutation,512.0,shap / permutation,10,2.74955,2.7185249999999996,2.7718499999999997,0.053681880263789596,0.050114912631592456,0.06268541712713106,0.9867132867132868,0.983916083916084,0.9903846153846154,0.975
covertype,random_forest,shap,permutation,2048.0,shap / permutation,10,10.83525,10.727525,10.888725,0.026790282888398347,0.022994213320372554,0.02889135010859086,0.9954545454545456,0.9926573426573427,0.9965034965034967,0.9916666666666667
covertype,random_forest,shapiq,kernel,128.0,shapiq / kernel,10,6.9199,6.898375,7.06155,0.8682430693755849,0.847074376123984,0.9021566903809908,0.5538461538461539,0.5452797202797204,0.6066433566433567,0.6916666666666667
covertype,random_forest,shapiq,kernel,512.0,shapiq / kernel,10,8.190750000000001,8.173275,8.34315,0.4445045187107327,0.41409959495278736,0.47016609031958567,0.8027972027972028,0.7907342657342659,0.8197552447552447,0.8
covertype,random_forest,shapiq,kernel,2048.0,shapiq / kernel,10,13.249600000000001,13.1823,13.3848,0.15352300340842723,0.14083487144467402,0.16846783151999647,0.9520979020979022,0.9447552447552449,0.9610139860139861,0.925
covertype,random_forest,shapiq,permutation,128.0,shapiq / permutation,10,31.87385,31.57535,32.368050000000004,0.46409769850347393,0.43523782650102605,0.49237482345165534,0.788811188811189,0.763811188811189,0.8431818181818181,0.8208333333333333
covertype,random_forest,shapiq,permutation,512.0,shapiq / permutation,10,77.4902,76.31555,78.82872499999999,0.23932104053557043,0.2328257607843197,0.26371586032248207,0.9122377622377623,0.8973776223776223,0.9379370629370631,0.9083333333333333
covertype,random_forest,shapiq,permutation,2048.0,shapiq / permutation,10,259.3836,256.794125,266.119775,0.11966311762013657,0.11263095769697434,0.13159524770416856,0.967832167832168,0.960839160839161,0.9756993006993009,0.9541666666666666
diabetes_130,decision_tree,dalex,permutation,128.0,dalex / permutation,10,0.92345,0.91855,0.93435,0.48989120226562766,0.4831406326534561,0.5625510184825582,0.8152024226574921,0.807358022524418,0.823841496245817,0.8812755871579401
diabetes_130,decision_tree,dalex,permutation,512.0,dalex / permutation,10,3.4981999999999998,3.469125,3.5105500000000003,0.2323615046884697,0.18795453609914428,0.25869067436390325,0.9471864026760881,0.9344129896080251,0.9512627710683711,0.9480509745127437
diabetes_130,decision_tree,dalex,permutation,2048.0,dalex / permutation,10,13.981,13.893725,14.156375,0.13005551778469643,0.11359366220305046,0.1574066151144185,0.9684415278625005,0.9516142600715779,0.9715461686552043,0.9583333333333333
diabetes_130,decision_tree,lightshap,kernel,128.0,lightshap / kernel,10,3.09045,3.066925,3.1100000000000003,0.08180745754111413,0.07342747221046539,0.09133193393781261,0.9691432800998765,0.9671328671328672,0.9776223776223776,0.9280172413793104
diabetes_130,decision_tree,lightshap,kernel,512.0,lightshap / kernel,10,11.9523,11.6138,12.33155,0.0444330491980833,0.03942598968629,0.0526027387038714,0.9874990041297417,0.9861888111888113,0.9907342657342658,0.95
diabetes_130,decision_tree,lightshap,kernel,2048.0,lightshap / kernel,10,39.23965,30.539925,40.55675,0.028440868534540156,0.027299487826280257,0.030834727911007945,0.9920444586751962,0.990909090909091,0.9946240110589055,0.9625
diabetes_130,decision_tree,lightshap,permutation,128.0,lightshap / permutation,10,2.97205,2.9465000000000003,2.992825,0.07006595029316831,0.06610171696688302,0.07393592642655003,0.9826038992346369,0.9772289827072809,0.9873174374935478,0.9666666666666667
diabetes_130,decision_tree,lightshap,permutation,512.0,lightshap / permutation,10,11.4727,11.05365,11.82635,0.03511562938543482,0.03355902211703543,0.04510706224197571,0.9922202031767996,0.9894618421372311,0.9947105808630201,0.9833333333333333
diabetes_130,decision_tree,lightshap,permutation,2048.0,lightshap / permutation,10,37.27695,29.157225,38.686049999999994,0.02350926525404687,0.021555411470149537,0.024705650334331777,0.9944921644780476,0.9935723020296198,0.9971590526373509,0.9874293785310735
diabetes_130,decision_tree,shap,kernel,128.0,shap / kernel,10,0.04915,0.04875,0.04965,0.32883770867389783,0.3109677750900447,0.3527972862624266,0.8588454501828124,0.8471075260221825,0.865713648695535,0.8838775510204082
diabetes_130,decision_tree,shap,kernel,512.0,shap / kernel,10,0.1077,0.1071,0.1085,0.14057450613612635,0.1283809880107423,0.15386071242540694,0.9439555021656891,0.9387930333819263,0.9464970210632351,0.925
diabetes_130,decision_tree,shap,kernel,2048.0,shap / kernel,10,0.41595000000000004,0.41395,0.417975,0.04938349614232244,0.047109339932323205,0.05366704130255276,0.9830137666957844,0.9744323174586397,0.9861218540911012,0.995
diabetes_130,decision_tree,shap,permutation,128.0,shap / permutation,10,0.046,0.0458,0.046275,0.3533178757157278,0.3348520610826815,0.38076732475058606,0.8675670385501068,0.8319783260881967,0.8910124368762918,0.8817791005291005
diabetes_130,decision_tree,shap,permutation,512.0,shap / permutation,10,0.157,0.156825,0.15885,0.18175354685489864,0.16067578913112934,0.19429557980810452,0.9451876345149364,0.9407774740928428,0.9524409640731444,0.9370056497175141
diabetes_130,decision_tree,shap,permutation,2048.0,shap / permutation,10,0.6116,0.609675,0.61585,0.09261290772734287,0.08066292091296026,0.1046389482991051,0.9731627269095584,0.9672175985517637,0.9798951048951051,0.9609735786206375
diabetes_130,decision_tree,shapiq,kernel,128.0,shapiq / kernel,10,0.48895,0.488275,0.49285,0.546286150523164,0.5360851037825002,0.5537897074104045,0.7454545454545456,0.7027516962558494,0.7793706293706295,0.7625
diabetes_130,decision_tree,shapiq,kernel,512.0,shapiq / kernel,10,0.6256999999999999,0.6198,0.63105,0.24274715128279512,0.21825804461367862,0.26142650441708154,0.9066433566433569,0.8947552447552448,0.9164541747425966,0.8416666666666667
diabetes_130,decision_tree,shapiq,kernel,2048.0,shapiq / kernel,10,1.3069,1.3019,1.310525,0.07561137308980764,0.07344338237512488,0.07913299988302612,0.9691340868320942,0.9597902097902098,0.98006993006993,0.9333333333333333
diabetes_130,decision_tree,shapiq,permutation,128.0,shapiq / permutation,10,2.1502,2.138525,2.180675,0.46395220951432853,0.41040437785632433,0.5152456484200676,0.8504832235712112,0.7743178603355649,0.8865441448987401,0.871082621082621
diabetes_130,decision_tree,shapiq,permutation,512.0,shapiq / permutation,10,5.19885,5.146075,5.268924999999999,0.21646482191281896,0.2136451969174421,0.2359630728348578,0.9444014575692616,0.9398569223505853,0.9534524524887978,0.9409272183449651
diabetes_130,decision_tree,shapiq,permutation,2048.0,shapiq / permutation,10,17.47755,17.278175,17.6535,0.11285529304530446,0.10466236171558799,0.11726433751343043,0.9722876817086545,0.9580818722133312,0.9823426573426575,0.9570744288872512
diabetes_130,gradient_boosting,dalex,permutation,128.0,dalex / permutation,10,2.4341,2.4122,2.4456499999999997,0.1916218568802373,0.17848079827643534,0.2293785687458627,0.9534965034965035,0.9388111888111889,0.9585664335664337,0.9416666666666667
diabetes_130,gradient_boosting,dalex,permutation,512.0,dalex / permutation,10,9.2032,9.1724,9.300175,0.09341463632908278,0.08472713440558471,0.11636153049620371,0.982867132867133,0.975874125874126,0.9865384615384616,0.975
diabetes_130,gradient_boosting,dalex,permutation,2048.0,dalex / permutation,10,36.48585,36.0617,36.77135,0.056273278552908194,0.051185621427749184,0.059928243465057936,0.9905594405594407,0.9902097902097904,0.9931818181818183,0.9875
diabetes_130,gradient_boosting,lightshap,kernel,128.0,lightshap / kernel,10,3.3851,3.3315,3.58745,0.02427618789244062,0.02270355378513624,0.02562286298305815,0.9954545454545456,0.9940559440559442,0.9965034965034967,0.9916666666666667
diabetes_130,gradient_boosting,lightshap,kernel,512.0,lightshap / kernel,10,4.42495,3.65825,4.858750000000001,0.023513850783676286,0.021580835627286077,0.025755335060828784,0.9958041958041959,0.9940559440559442,0.9970279720279721,0.9916666666666667
diabetes_130,gradient_boosting,lightshap,kernel,2048.0,lightshap / kernel,10,4.52195,3.6599500000000003,4.9940750000000005,0.0234603491862811,0.021580835627286077,0.025755335060828784,0.9958041958041959,0.9940559440559442,0.9970279720279721,0.9916666666666667
diabetes_130,gradient_boosting,lightshap,permutation,128.0,lightshap / permutation,10,3.2417,3.182825,3.478575,0.021817000459225792,0.019101743977572326,0.02401281467386355,0.9965034965034966,0.99493006993007,0.997902097902098,0.9916666666666667
diabetes_130,gradient_boosting,lightshap,permutation,512.0,lightshap / permutation,10,4.17985,3.439325,4.56985,0.021511859353103405,0.01879600363578186,0.023485261236499938,0.996853146853147,0.9954545454545455,0.9977272727272729,0.9958333333333333
diabetes_130,gradient_boosting,lightshap,permutation,2048.0,lightshap / permutation,10,4.1827000000000005,3.4439,4.724125,0.021511859353103405,0.01879600363578186,0.023409268580905918,0.996853146853147,0.9954545454545455,0.9977272727272729,0.9958333333333333
diabetes_130,gradient_boosting,shap,kernel,128.0,shap / kernel,10,0.13135,0.1309,0.131775,0.11537463474559267,0.11175455603176279,0.1199075242700248,0.973031264521963,0.9640119862421069,0.9782852130345006,0.985
diabetes_130,gradient_boosting,shap,kernel,512.0,shap / kernel,10,0.35365,0.352025,0.3569,0.06001101356087713,0.05782954408807435,0.06221036165192122,0.9884428468254066,0.9878298861656105,0.9915076501243869,1.0
diabetes_130,gradient_boosting,shap,kernel,2048.0,shap / kernel,10,1.2659,1.2597999999999998,1.2686,0.037185221170561195,0.03636227698229099,0.04012610519079699,0.9956232431258747,0.99544811150879,0.9961486379771284,1.0
diabetes_130,gradient_boosting,shap,permutation,128.0,shap / permutation,10,0.1591,0.157725,0.1626,0.07908039396815986,0.06928265001755447,0.08886380734861973,0.983916083916084,0.9800699300699303,0.9886363636363639,0.975
diabetes_130,gradient_boosting,shap,permutation,512.0,shap / permutation,10,0.5673,0.55765,0.5735250000000001,0.038487691372786195,0.037085952564626226,0.04110492133977757,0.994755244755245,0.9926573426573426,0.9958041958041959,0.9875
diabetes_130,gradient_boosting,shap,permutation,2048.0,shap / permutation,10,2.229,2.186875,2.251975,0.020176055943617592,0.018821657361854024,0.02206963951498723,0.9975524475524478,0.9972027972027973,0.9984265734265735,0.9958333333333333
diabetes_130,gradient_boosting,shapiq,kernel,128.0,shapiq / kernel,10,1.5491000000000001,1.5261500000000001,1.5589,0.22724501985681772,0.2028658504306127,0.2490862826805451,0.9384615384615386,0.9115384615384617,0.9407342657342659,0.9
diabetes_130,gradient_boosting,shapiq,kernel,512.0,shapiq / kernel,10,1.8608,1.8383749999999999,1.8659750000000002,0.09276535013838086,0.08073087031752109,0.10141782773133062,0.9790209790209792,0.9725524475524476,0.9842657342657343,0.95
diabetes_130,gradient_boosting,shapiq,kernel,2048.0,shapiq / kernel,10,3.2378,3.1778250000000003,3.24685,0.029874204035660268,0.02537233285016781,0.036171594275216476,0.9947552447552448,0.9912587412587412,0.9963286713286714,0.9875
diabetes_130,gradient_boosting,shapiq,permutation,128.0,shapiq / permutation,10,7.27745,7.241300000000001,7.318575,0.18914443250400056,0.17137664614804857,0.1941441589635185,0.9520979020979022,0.9456293706293709,0.9557692307692309,0.9583333333333334
diabetes_130,gradient_boosting,shapiq,permutation,512.0,shapiq / permutation,10,17.360300000000002,17.20855,17.51155,0.09841708975314163,0.0870221656670774,0.10830680653841002,0.9804195804195805,0.9746503496503498,0.9825174825174827,0.975
diabetes_130,gradient_boosting,shapiq,permutation,2048.0,shapiq / permutation,10,58.092349999999996,57.387175,58.390325,0.045877973390389945,0.043732076574649247,0.04681439990684884,0.9916083916083916,0.9895104895104897,0.9930069930069931,0.9875
diabetes_130,linear_regularized,dalex,permutation,128.0,dalex / permutation,10,0.8963000000000001,0.883675,0.9059250000000001,1.1143601118827657e-14,8.33242848774064e-15,1.406792708713363e-14,1.0,1.0,1.0,1.0
diabetes_130,linear_regularized,dalex,permutation,512.0,dalex / permutation,10,3.391,3.333475,3.4161,1.1170343455212597e-14,8.284380667414747e-15,1.3950833522666286e-14,1.0,1.0,1.0,1.0
diabetes_130,linear_regularized,dalex,permutation,2048.0,dalex / permutation,10,13.46745,13.347825,13.5332,1.1126609432321563e-14,8.342566675970763e-15,1.3951755353217452e-14,1.0,1.0,1.0,1.0
diabetes_130,linear_regularized,lightshap,kernel,128.0,lightshap / kernel,10,0.0503,0.04985,0.051074999999999995,1.2769910439637746e-14,1.0686500213779736e-14,1.571543571052274e-14,1.0,1.0,1.0,1.0
diabetes_130,linear_regularized,lightshap,kernel,512.0,lightshap / kernel,10,0.04925,0.0487,0.049725,1.2769910439637746e-14,1.0686500213779736e-14,1.571543571052274e-14,1.0,1.0,1.0,1.0
diabetes_130,linear_regularized,lightshap,kernel,2048.0,lightshap / kernel,10,0.04955,0.048925,0.05015,1.2769910439637746e-14,1.0686500213779736e-14,1.571543571052274e-14,1.0,1.0,1.0,1.0
diabetes_130,linear_regularized,lightshap,permutation,128.0,lightshap / permutation,10,0.0694,0.0693,0.07055,1.1329704670003069e-14,8.815413171658823e-15,1.4318248036292122e-14,1.0,1.0,1.0,1.0
diabetes_130,linear_regularized,lightshap,permutation,512.0,lightshap / permutation,10,0.06995000000000001,0.068925,0.07035,1.1329704670003069e-14,8.815413171658823e-15,1.4318248036292122e-14,1.0,1.0,1.0,1.0
diabetes_130,linear_regularized,lightshap,permutation,2048.0,lightshap / permutation,10,0.0697,0.068725,0.070425,1.1329704670003069e-14,8.815413171658823e-15,1.4318248036292122e-14,1.0,1.0,1.0,1.0
diabetes_130,linear_regularized,shap,kernel,128.0,shap / kernel,10,0.04875,0.048525,0.048875,0.024095098713633575,0.022677442835157845,0.02507672226715304,0.9950978482746209,0.9939594927635711,0.9963237695942129,1.0
diabetes_130,linear_regularized,shap,kernel,512.0,shap / kernel,10,0.12865,0.12805,0.13035,0.021012143852892427,0.020271519487281953,0.024444181044660007,0.9973745592967205,0.9966740328283823,0.9982502173821434,1.0
diabetes_130,linear_regularized,shap,kernel,2048.0,shap / kernel,10,0.49375,0.4916,0.49815,0.02003427784934516,0.019025819685176866,0.02173272978880718,0.9982502173821434,0.9982502173821434,0.9982502173821434,1.0
diabetes_130,linear_regularized,shap,permutation,128.0,shap / permutation,10,0.05545,0.055025000000000004,0.056225000000000004,1.0766836197133538e-14,8.386602286324955e-15,1.4347937731604578e-14,1.0,1.0,1.0,1.0
diabetes_130,linear_regularized,shap,permutation,512.0,shap / permutation,10,0.1599,0.158925,0.1622,9.891732362717405e-15,7.835492728491449e-15,1.2695015923585245e-14,1.0,1.0,1.0,1.0
diabetes_130,linear_regularized,shap,permutation,2048.0,shap / permutation,10,0.60915,0.60315,0.616275,9.529738219575414e-15,7.570561404056865e-15,1.2405654623163544e-14,1.0,1.0,1.0,1.0
diabetes_130,linear_regularized,shapiq,kernel,128.0,shapiq / kernel,10,0.52455,0.5166000000000001,0.5284,1.3382679494938094e-07,1.2085043066309262e-07,1.5744314051743728e-07,1.0,1.0,1.0,1.0
diabetes_130,linear_regularized,shapiq,kernel,512.0,shapiq / kernel,10,0.6476500000000001,0.639775,0.651775,2.399011754839854e-07,2.2371019673990793e-07,2.741227336722493e-07,1.0,1.0,1.0,1.0
diabetes_130,linear_regularized,shapiq,kernel,2048.0,shapiq / kernel,10,1.283,1.268025,1.319525,3.362110271120346e-07,2.984969666867067e-07,4.08510433774653e-07,1.0,1.0,1.0,1.0
diabetes_130,linear_regularized,shapiq,permutation,128.0,shapiq / permutation,10,2.30925,2.29135,2.340975,1.1251729977052425e-14,8.522648441235034e-15,1.4368643403132924e-14,1.0,1.0,1.0,1.0
diabetes_130,linear_regularized,shapiq,permutation,512.0,shapiq / permutation,10,5.65185,5.56915,5.677149999999999,1.0651551781105865e-14,8.137101910062763e-15,1.3541291762552068e-14,1.0,1.0,1.0,1.0
diabetes_130,linear_regularized,shapiq,permutation,2048.0,shapiq / permutation,10,18.83535,18.70225,18.95475,1.0638736201159407e-14,8.313714306075538e-15,1.3573958913089376e-14,1.0,1.0,1.0,1.0
diabetes_130,random_forest,dalex,permutation,128.0,dalex / permutation,10,9.9876,9.8331,10.1093,0.3620859486031142,0.2884020519710125,0.40670692751037074,0.9031468531468533,0.8744755244755247,0.9206293706293708,0.8916666666666667
diabetes_130,random_forest,dalex,permutation,512.0,dalex / permutation,10,38.58485,37.999125,38.85695,0.18259053860948116,0.16015620025590532,0.20109312787283845,0.95979020979021,0.9503496503496504,0.967832167832168,0.9416666666666667
diabetes_130,random_forest,dalex,permutation,2048.0,dalex / permutation,10,152.32405,149.70057500000001,153.22342500000002,0.10038019522957245,0.08867347651265327,0.11611730626734923,0.9818181818181819,0.9804195804195807,0.984965034965035,0.9666666666666667
diabetes_130,random_forest,lightshap,kernel,128.0,lightshap / kernel,10,15.50225,14.200975,15.8702,0.03396042997082258,0.03248441761722108,0.036464544178573144,0.9947552447552448,0.9937062937062937,0.9956293706293707,0.9958333333333333
diabetes_130,random_forest,lightshap,kernel,512.0,lightshap / kernel,10,29.420450000000002,27.5671,46.4884,0.02646158269253849,0.02508486065412014,0.028261212986236614,0.9951048951048952,0.9944055944055943,0.9956293706293707,0.9916666666666667
diabetes_130,random_forest,lightshap,kernel,2048.0,lightshap / kernel,10,42.878699999999995,32.156325,55.3807,0.025483586725433004,0.023626812151398842,0.02720993727913487,0.9954545454545456,0.9945804195804197,0.9965034965034965,0.9958333333333333
diabetes_130,random_forest,lightshap,permutation,128.0,lightshap / permutation,10,14.71875,13.462625,15.13935,0.03130256652780257,0.029415585599750525,0.03353910678834386,0.9954545454545456,0.993881118881119,0.9958041958041959,0.9916666666666667
diabetes_130,random_forest,lightshap,permutation,512.0,lightshap / permutation,10,27.844700000000003,25.97175,44.0338,0.023441790308618052,0.021870613153356446,0.025693903525509567,0.9965034965034966,0.9959790209790211,0.997027972027972,0.9916666666666667
diabetes_130,random_forest,lightshap,permutation,2048.0,lightshap / permutation,10,40.31745,30.383425000000003,52.603025,0.02317160779648955,0.02058498301143543,0.025056947106615927,0.9965034965034967,0.9965034965034965,0.9972027972027973,0.9916666666666667
diabetes_130,random_forest,shap,kernel,128.0,shap / kernel,10,0.4157,0.40800000000000003,0.419425,0.31696443171621735,0.2793786194076026,0.35377486299451144,0.8966738794730833,0.8795109809987939,0.9164637522036415,0.93
diabetes_130,random_forest,shap,kernel,512.0,shap / kernel,10,1.1188500000000001,1.0818249999999998,1.136625,0.143720625560909,0.12834199195045784,0.15078750244961175,0.9690032373290174,0.9653254733702412,0.973031264521963,0.985
diabetes_130,random_forest,shap,kernel,2048.0,shap / kernel,10,4.0975,3.9074,4.105875,0.06570989193722629,0.0634530805317566,0.07034927053074644,0.9903692946133371,0.9892309391022872,0.9922081765927253,1.0
diabetes_130,random_forest,shap,permutation,128.0,shap / permutation,10,0.66345,0.6524749999999999,0.667375,0.1409621975231572,0.13506036747213018,0.1547209393308798,0.9639860139860141,0.960839160839161,0.9729020979020979,0.9541666666666666
diabetes_130,random_forest,shap,permutation,512.0,shap / permutation,10,2.35345,2.318125,2.3779250000000003,0.07241953699888515,0.07085788335078064,0.08084179706393203,0.9881118881118882,0.9851398601398602,0.9900349650349652,0.975
diabetes_130,random_forest,shap,permutation,2048.0,shap / permutation,10,9.249600000000001,9.086775,9.309025,0.03663574284164843,0.03308330223773529,0.04069591843636275,0.9951048951048952,0.9928321678321679,0.9956293706293707,0.9958333333333333
diabetes_130,random_forest,shapiq,kernel,128.0,shapiq / kernel,10,6.77755,6.63555,6.8428249999999995,0.6953014600253535,0.6524463378075191,0.7038350098852082,0.7108391608391609,0.6907342657342659,0.7291958041958042,0.7833333333333334
diabetes_130,random_forest,shapiq,kernel,512.0,shapiq / kernel,10,7.8365,7.71625,7.8501,0.3151598807306266,0.2909777819980719,0.33112337875213804,0.9108391608391608,0.8996503496503497,0.9243006993006995,0.9
diabetes_130,random_forest,shapiq,kernel,2048.0,shapiq / kernel,10,12.0091,11.7602,12.08115,0.1007162045304894,0.09598576994709401,0.11046131757276656,0.9762237762237763,0.9704545454545455,0.9795454545454547,0.9541666666666666
diabetes_130,random_forest,shapiq,permutation,128.0,shapiq / permutation,10,31.5168,30.951225,31.6799,0.37738512056578866,0.32941565270527096,0.39691556812286866,0.8783216783216784,0.8736013986013986,0.8945804195804198,0.8875
diabetes_130,random_forest,shapiq,permutation,512.0,shapiq / permutation,10,76.49295000000001,74.559775,76.99577500000001,0.1853241723380349,0.17879483099298377,0.1885714820726298,0.9587412587412587,0.9552447552447554,0.9643356643356645,0.9416666666666667
diabetes_130,random_forest,shapiq,permutation,2048.0,shapiq / permutation,10,256.38595,250.46767499999999,257.257675,0.08812782268010305,0.0851176869048839,0.09218678708464678,0.9832167832167833,0.9818181818181819,0.9867132867132868,0.975
gisette,decision_tree,dalex,permutation,128.0,dalex / permutation,10,0.96995,0.9606250000000001,0.979825,0.370400432615164,0.3479096496073294,0.47237947510592165,0.8566433566433567,0.8333916083916085,0.9027345354893224,0.8643970408676291
gisette,decision_tree,dalex,permutation,512.0,dalex / permutation,10,3.67185,3.6584250000000003,3.703675,0.19735248816438233,0.17133762401973196,0.24154259951446355,0.9577762728713866,0.9430069930069932,0.9607932711778987,0.925
gisette,decision_tree,dalex,permutation,2048.0,dalex / permutation,10,14.530750000000001,14.45,14.54195,0.10781032581899364,0.09924972004087455,0.1288295738339724,0.9758741258741259,0.9713286713286713,0.9811188811188813,0.9666666666666667
gisette,decision_tree,lightshap,kernel,128.0,lightshap / kernel,10,1.85015,1.8260750000000001,1.86945,0.07097308488065313,0.06382769190486298,0.08173117931288833,0.9849650349650351,0.9804195804195803,0.988811188811189,0.95
gisette,decision_tree,lightshap,kernel,512.0,lightshap / kernel,10,6.839700000000001,6.384675,7.024675,0.03536530419602753,0.03257052372576354,0.039524648656481295,0.9944055944055945,0.9937062937062938,0.9956293706293707,0.9833333333333333
gisette,decision_tree,lightshap,kernel,2048.0,lightshap / kernel,10,16.23215,12.909524999999999,17.2997,0.02615070939269032,0.025135375124515667,0.028329732376410413,0.9958041958041959,0.9937062937062938,0.9965034965034967,0.9833333333333333
gisette,decision_tree,lightshap,permutation,128.0,lightshap / permutation,10,1.7041499999999998,1.695275,1.7379,0.053214007934371685,0.05028582309194532,0.06342162325235386,0.9888111888111888,0.9854895104895105,0.9926573426573426,0.9833333333333333
gisette,decision_tree,lightshap,permutation,512.0,lightshap / permutation,10,6.33935,6.0472,6.514025,0.029629524822171224,0.028025963361373175,0.032993803236027824,0.9958041958041959,0.993881118881119,0.9972027972027974,0.9916666666666667
gisette,decision_tree,lightshap,permutation,2048.0,lightshap / permutation,10,14.8267,11.701500000000001,15.72325,0.023139398425202976,0.0220714677132442,0.025693757751100728,0.9958041958041959,0.993881118881119,0.9984265734265735,1.0
gisette,decision_tree,shap,kernel,128.0,shap / kernel,10,0.04925,0.04895,0.049749999999999996,0.32177136754526303,0.2920236143306918,0.33626854062520894,0.8663761097174498,0.8537666332873595,0.8809995997440129,0.885
gisette,decision_tree,shap,kernel,512.0,shap / kernel,10,0.10735,0.10654999999999999,0.110775,0.14524264922990163,0.13348079386916006,0.1597740505492991,0.9590207351551963,0.9549927079622507,0.9655881707958681,0.965
gisette,decision_tree,shap,kernel,2048.0,shap / kernel,10,0.41205,0.406925,0.412825,0.050618931067280465,0.048163599806013174,0.056587801555478504,0.9887931100595757,0.9856407409520532,0.9914200843158447,1.0
gisette,decision_tree,shap,permutation,128.0,shap / permutation,10,0.046,0.045625,0.04625,0.31207263033672344,0.293161618913284,0.3206543445636453,0.8854372622184501,0.8773542409137309,0.9055944055944057,0.8846547314578005
gisette,decision_tree,shap,permutation,512.0,shap / permutation,10,0.15655,0.15560000000000002,0.15785,0.1640132042493782,0.14225532363481339,0.17333244094701095,0.9603934409753543,0.9496503496503499,0.9625874125874128,0.9497899159663865
gisette,decision_tree,shap,permutation,2048.0,shap / permutation,10,0.61095,0.6057750000000001,0.617625,0.08250002215151375,0.07028805275537749,0.09257954469396472,0.9797202797202798,0.9765713581552603,0.9826923076923078,0.9708333333333333
gisette,decision_tree,shapiq,kernel,128.0,shapiq / kernel,10,0.49475,0.49275,0.5009,0.5851239659225177,0.549668656916398,0.6196377440255534,0.7349650349650351,0.7152097902097903,0.7842657342657344,0.7583333333333333
gisette,decision_tree,shapiq,kernel,512.0,shapiq / kernel,10,0.6293,0.6275999999999999,0.639075,0.26137646813303783,0.23974730949915993,0.3000263654014431,0.911888111888112,0.8994755244755245,0.921853146853147,0.8708333333333333
gisette,decision_tree,shapiq,kernel,2048.0,shapiq / kernel,10,1.317,1.312375,1.337075,0.08462890340284773,0.07530659058628164,0.0887099484552385,0.9790209790209792,0.9762237762237762,0.9816433566433568,0.9375
gisette,decision_tree,shapiq,permutation,128.0,shapiq / permutation,10,2.16755,2.154375,2.1948999999999996,0.4119324210095718,0.3903844059423388,0.440419930437348,0.8695804195804198,0.8639860139860142,0.8826661070132973,0.8666666666666667
gisette,decision_tree,shapiq,permutation,512.0,shapiq / permutation,10,5.21565,5.188525,5.24145,0.21857823355775075,0.2013897956639523,0.2299983965702168,0.951048951048951,0.9414335664335665,0.9639860139860141,0.9370056497175141
gisette,decision_tree,shapiq,permutation,2048.0,shapiq / permutation,10,17.6319,17.5135,17.719025000000002,0.10463888003805308,0.09848788800298358,0.10797705481238279,0.9786713286713289,0.9713286713286714,0.9819930069930072,0.9666666666666667
gisette,gradient_boosting,dalex,permutation,128.0,dalex / permutation,10,2.48635,2.471025,2.50055,0.172603928484015,0.12495563781886826,0.1924374970777242,0.961888111888112,0.9513986013986016,0.9653846153846155,0.9416666666666667
gisette,gradient_boosting,dalex,permutation,512.0,dalex / permutation,10,9.5319,9.488925,9.5881,0.0763116854328765,0.07437169794003295,0.10503230785729596,0.9846153846153847,0.980769230769231,0.9867132867132868,0.975
gisette,gradient_boosting,dalex,permutation,2048.0,dalex / permutation,10,37.96275,37.733225,38.326625,0.0450981723479692,0.03761934433111325,0.05381162958681379,0.9912587412587412,0.9882867132867135,0.9937062937062937,0.9916666666666667
gisette,gradient_boosting,lightshap,kernel,128.0,lightshap / kernel,10,1.92145,1.5498500000000002,1.989625,0.02647429172963689,0.025062175605092486,0.03160441549634381,0.9947552447552448,0.993881118881119,0.9951048951048952,0.9875
gisette,gradient_boosting,lightshap,kernel,512.0,lightshap / kernel,10,1.93335,1.5494750000000002,2.024525,0.026487546074518416,0.025062175605092486,0.03161918168965136,0.9947552447552448,0.993881118881119,0.9951048951048952,0.9875
gisette,gradient_boosting,lightshap,kernel,2048.0,lightshap / kernel,10,1.9316,1.5517750000000001,2.052225,0.026487546074518416,0.025062175605092486,0.03161918168965136,0.9947552447552448,0.993881118881119,0.9951048951048952,0.9875
gisette,gradient_boosting,lightshap,permutation,128.0,lightshap / permutation,10,1.8205,1.4597,1.8739,0.02414142422121745,0.02356292325686149,0.027249956712895217,0.9951048951048952,0.9933566433566434,0.9965034965034967,0.9916666666666667
gisette,gradient_boosting,lightshap,permutation,512.0,lightshap / permutation,10,1.79385,1.4596,1.906325,0.024048901667860237,0.02355507486156989,0.027259242280176465,0.9951048951048952,0.9933566433566434,0.9965034965034967,0.9916666666666667
gisette,gradient_boosting,lightshap,permutation,2048.0,lightshap / permutation,10,1.7927,1.461025,1.904325,0.024048901667860237,0.02355507486156989,0.027259242280176465,0.9951048951048952,0.9933566433566434,0.9965034965034967,0.9916666666666667
gisette,gradient_boosting,shap,kernel,128.0,shap / kernel,10,0.1236,0.12237500000000001,0.124375,0.14407112655377768,0.13690176163110795,0.14567773621994154,0.9704042902656944,0.9613850119858379,0.9751328439269781,0.99
gisette,gradient_boosting,shap,kernel,512.0,shap / kernel,10,0.31445,0.311525,0.3174,0.07603294663600423,0.06883356310614329,0.08243260766398704,0.9873920571228991,0.9830137666957846,0.9915076501243869,1.0
gisette,gradient_boosting,shap,kernel,2048.0,shap / kernel,10,1.13185,1.11785,1.152,0.04434743539091342,0.042568763595376494,0.04671273088156027,0.9942221901891979,0.9930838346781482,0.9952729798917055,1.0
gisette,gradient_boosting,shap,permutation,128.0,shap / permutation,10,0.14795,0.14745,0.149675,0.07047609677006991,0.06749109598055719,0.07451062309116221,0.9881118881118881,0.9861888111888113,0.990909090909091,0.9833333333333333
gisette,gradient_boosting,shap,permutation,512.0,shap / permutation,10,0.52675,0.5241,0.5309,0.03572081876046784,0.03128110992041908,0.03904070301835348,0.9940559440559442,0.9917832167832168,0.9951048951048952,0.9916666666666667
gisette,gradient_boosting,shap,permutation,2048.0,shap / permutation,10,2.069,2.0568750000000002,2.0881000000000003,0.016884650183225637,0.016531390106258814,0.018498859151230028,0.996853146853147,0.9958041958041959,0.9977272727272729,0.9958333333333333
gisette,gradient_boosting,shapiq,kernel,128.0,shapiq / kernel,10,1.55315,1.536375,1.561975,0.2998102099828228,0.2720267963854078,0.3130930891705368,0.904895104895105,0.8786713286713288,0.9150349650349652,0.8916666666666667
gisette,gradient_boosting,shapiq,kernel,512.0,shapiq / kernel,10,1.8221500000000002,1.8066749999999998,1.836925,0.12359024129832154,0.1172704625907591,0.13532581431655888,0.9667832167832169,0.9582167832167834,0.9718531468531469,0.9375
gisette,gradient_boosting,shapiq,kernel,2048.0,shapiq / kernel,10,3.11865,3.07425,3.164,0.03839484461951466,0.03626316255466531,0.03914742093951054,0.9916083916083916,0.9905594405594407,0.993006993006993,0.9916666666666667
gisette,gradient_boosting,shapiq,permutation,128.0,shapiq / permutation,10,7.23885,7.1849,7.288600000000001,0.17666339378251678,0.15732986483373362,0.1946576931345841,0.9657342657342658,0.9580419580419581,0.9695804195804198,0.95
gisette,gradient_boosting,shapiq,permutation,512.0,shapiq / permutation,10,17.31305,17.193025,17.425525,0.08771745518513603,0.07658430205522589,0.09868026043864084,0.9846153846153847,0.981818181818182,0.9870629370629371,0.9833333333333333
gisette,gradient_boosting,shapiq,permutation,2048.0,shapiq / permutation,10,57.6987,57.284324999999995,58.007725,0.04004647119197921,0.03702991967554824,0.04747437020911793,0.9930069930069931,0.9900349650349652,0.9954545454545456,0.9875
gisette,linear_regularized,dalex,permutation,128.0,dalex / permutation,10,1.02555,1.0145499999999998,1.0309499999999998,2.481982988410748e-15,2.1103958930151235e-15,2.588047159030585e-15,1.0,1.0,1.0,1.0
gisette,linear_regularized,dalex,permutation,512.0,dalex / permutation,10,3.8923,3.8062750000000003,3.9015500000000003,2.4582668197537005e-15,2.1017520704721655e-15,2.561929361403963e-15,1.0,1.0,1.0,1.0
gisette,linear_regularized,dalex,permutation,2048.0,dalex / permutation,10,15.51825,15.285375,15.62305,2.4554201978228156e-15,2.0826319357954003e-15,2.5559053175054406e-15,1.0,1.0,1.0,1.0
gisette,linear_regularized,lightshap,kernel,128.0,lightshap / kernel,10,0.032,0.031675,0.0324,4.691683014659363e-15,4.10609564067145e-15,5.080523038674099e-15,1.0,1.0,1.0,1.0
gisette,linear_regularized,lightshap,kernel,512.0,lightshap / kernel,10,0.03115,0.030925,0.031575000000000006,4.691683014659363e-15,4.10609564067145e-15,5.080523038674099e-15,1.0,1.0,1.0,1.0
gisette,linear_regularized,lightshap,kernel,2048.0,lightshap / kernel,10,0.03105,0.0309,0.031275,4.691683014659363e-15,4.10609564067145e-15,5.080523038674099e-15,1.0,1.0,1.0,1.0
gisette,linear_regularized,lightshap,permutation,128.0,lightshap / permutation,10,0.04235,0.04185,0.042725,2.484244693552642e-15,2.158988344828958e-15,2.600928407227571e-15,1.0,1.0,1.0,1.0
gisette,linear_regularized,lightshap,permutation,512.0,lightshap / permutation,10,0.0422,0.04185,0.042675,2.484244693552642e-15,2.158988344828958e-15,2.600928407227571e-15,1.0,1.0,1.0,1.0
gisette,linear_regularized,lightshap,permutation,2048.0,lightshap / permutation,10,0.0421,0.041675,0.0427,2.484244693552642e-15,2.158988344828958e-15,2.600928407227571e-15,1.0,1.0,1.0,1.0
gisette,linear_regularized,shap,kernel,128.0,shap / kernel,10,0.04735,0.04685,0.048075,0.06324536156612053,0.0437145752730056,0.08321969307305857,0.9942221901891979,0.9873044913143567,0.9952729798917054,1.0
gisette,linear_regularized,shap,kernel,512.0,shap / kernel,10,0.1171,0.11465,0.1188,0.04785021049888665,0.04312815519545309,0.07481400041965046,0.9966740328283821,0.99544811150879,0.9974621251052627,1.0
gisette,linear_regularized,shap,kernel,2048.0,shap / kernel,10,0.4601,0.4585,0.46485,0.04978991285263491,0.04048802823820342,0.0721875337074876,0.9982502173821434,0.9972869934881782,0.9982502173821434,1.0
gisette,linear_regularized,shap,permutation,128.0,shap / permutation,10,0.0552,0.055,0.056374999999999995,2.3858489109232908e-15,2.299708216256691e-15,2.537825705507003e-15,1.0,1.0,1.0,1.0
gisette,linear_regularized,shap,permutation,512.0,shap / permutation,10,0.15985,0.159375,0.16160000000000002,2.3012886346584834e-15,2.0532988036258693e-15,2.400439339727402e-15,1.0,1.0,1.0,1.0
gisette,linear_regularized,shap,permutation,2048.0,shap / permutation,10,0.6093,0.6067750000000001,0.6147,2.7222384773511014e-15,2.3886821372246954e-15,2.846421343313279e-15,1.0,1.0,1.0,1.0
gisette,linear_regularized,shapiq,kernel,128.0,shapiq / kernel,10,0.5246,0.519675,0.5274000000000001,1.2271701781492387e-07,1.1732293148411865e-07,1.249276031779329e-07,1.0,1.0,1.0,1.0
gisette,linear_regularized,shapiq,kernel,512.0,shapiq / kernel,10,0.6554,0.645925,0.65915,2.2714690822687605e-07,1.99137470014046e-07,2.351354682459156e-07,1.0,1.0,1.0,1.0
gisette,linear_regularized,shapiq,kernel,2048.0,shapiq / kernel,10,1.30105,1.2944,1.317725,3.1262475537868476e-07,2.654885527821034e-07,3.591663359641188e-07,1.0,1.0,1.0,1.0
gisette,linear_regularized,shapiq,permutation,128.0,shapiq / permutation,10,2.33835,2.3210249999999997,2.340325,2.5074870826356133e-15,2.2177345301149822e-15,2.670520784800916e-15,1.0,1.0,1.0,1.0
gisette,linear_regularized,shapiq,permutation,512.0,shapiq / permutation,10,5.6615,5.634975000000001,5.711425,2.3607915777314214e-15,2.164631751085723e-15,2.5269160193372373e-15,1.0,1.0,1.0,1.0
gisette,linear_regularized,shapiq,permutation,2048.0,shapiq / permutation,10,19.0423,18.9284,19.173000000000002,2.973216820103645e-15,2.761005890912852e-15,3.172065421458545e-15,1.0,1.0,1.0,1.0
gisette,random_forest,dalex,permutation,128.0,dalex / permutation,10,10.03645,9.794974999999999,10.08545,0.2627207161803714,0.2083390914966906,0.33090579169888357,0.9213286713286715,0.8963286713286717,0.9407342657342658,0.9208333333333334
gisette,random_forest,dalex,permutation,512.0,dalex / permutation,10,38.5844,38.243325,38.694700000000005,0.13859815228175396,0.11837226689400691,0.1667172095018175,0.9664335664335666,0.962937062937063,0.9722027972027975,0.9541666666666666
gisette,random_forest,dalex,permutation,2048.0,dalex / permutation,10,153.09205,151.5325,153.54115,0.07311323713652099,0.06568905882313118,0.08410324477940809,0.9856643356643358,0.9800699300699303,0.9900349650349652,0.9791666666666666
gisette,random_forest,lightshap,kernel,128.0,lightshap / kernel,10,11.7253,10.80035,12.9315,0.03627979197764501,0.03489076114218767,0.044143176691020865,0.990909090909091,0.986888111888112,0.991958041958042,0.9916666666666667
gisette,random_forest,lightshap,kernel,512.0,lightshap / kernel,10,23.08745,18.325200000000002,25.420925,0.0305548409844225,0.0294071485317098,0.03196282495704033,0.9916083916083916,0.9882867132867135,0.9954545454545456,0.9916666666666667
gisette,random_forest,lightshap,kernel,2048.0,lightshap / kernel,10,24.3408,18.29255,27.811400000000003,0.030517951824656227,0.02915164706938494,0.0319259737693313,0.9916083916083916,0.9882867132867135,0.9954545454545456,0.9916666666666667
gisette,random_forest,lightshap,permutation,128.0,lightshap / permutation,10,11.1196,10.230975,12.314825,0.02690590314520107,0.025508709345035838,0.027775867636090523,0.9958041958041959,0.9945804195804197,0.9970279720279722,0.9958333333333333
gisette,random_forest,lightshap,permutation,512.0,lightshap / permutation,10,21.8953,17.492075,24.065025,0.023508459926803407,0.019809907784012985,0.025525101463221702,0.9965034965034965,0.9958041958041959,0.9972027972027974,1.0
gisette,random_forest,lightshap,permutation,2048.0,lightshap / permutation,10,23.061799999999998,17.45595,26.013525,0.023642471823985538,0.018877603642289135,0.025525101463221702,0.9965034965034965,0.9958041958041959,0.9972027972027974,1.0
gisette,random_forest,shap,kernel,128.0,shap / kernel,10,0.41115,0.38830000000000003,0.42432499999999995,0.2594389881475911,0.2385156752086459,0.2865143987751002,0.9206669110136716,0.8984251956439291,0.9325758609754234,0.95
gisette,random_forest,shap,kernel,512.0,shap / kernel,10,1.0859,1.02,1.168275,0.12662404959132983,0.11359193121377201,0.1308826790104269,0.9711048167340326,0.9601590906662459,0.975745804586774,0.985
gisette,random_forest,shap,kernel,2048.0,shap / kernel,10,3.84605,3.57095,4.168725,0.05612332810797099,0.05222077552101659,0.058927970350511893,0.9921206107841829,0.9907195578475061,0.9940470585721135,1.0
gisette,random_forest,shap,permutation,128.0,shap / permutation,10,0.63715,0.6228,0.652825,0.12664238131565375,0.11458222789457567,0.13929396120318077,0.9723776223776225,0.9615384615384616,0.9734265734265737,0.9583333333333334
gisette,random_forest,shap,permutation,512.0,shap / permutation,10,2.2718,2.21035,2.3125,0.058459069546812,0.05270200238523961,0.07001415189236834,0.9870629370629371,0.9835664335664336,0.9902097902097903,0.9791666666666666
gisette,random_forest,shap,permutation,2048.0,shap / permutation,10,8.844100000000001,8.675925,9.0813,0.02961489456118188,0.026302704525560924,0.031525024106924336,0.9944055944055945,0.993881118881119,0.9956293706293707,0.9916666666666667
gisette,random_forest,shapiq,kernel,128.0,shapiq / kernel,10,6.6851,6.576825,6.8048,0.5738385680667328,0.5491975376916247,0.5816781938456902,0.7695804195804197,0.7510489510489512,0.8068181818181819,0.8
gisette,random_forest,shapiq,kernel,512.0,shapiq / kernel,10,7.7172,7.5926,7.8027750000000005,0.24907584648616157,0.221509237179718,0.2589843255749047,0.9181818181818182,0.9024475524475527,0.9423076923076924,0.9041666666666667
gisette,random_forest,shapiq,kernel,2048.0,shapiq / kernel,10,11.66845,11.4052,11.8424,0.07712765987012928,0.07394991767617273,0.0814775099665005,0.9842657342657344,0.9795454545454547,0.9884615384615386,0.9666666666666667
gisette,random_forest,shapiq,permutation,128.0,shapiq / permutation,10,31.291449999999998,30.793875,31.691575,0.2939020211447078,0.26033017632577005,0.31832439508606997,0.9150349650349652,0.8854895104895105,0.9395104895104898,0.9208333333333334
gisette,random_forest,shapiq,permutation,512.0,shapiq / permutation,10,75.8535,74.83697500000001,76.65505,0.15107828923433525,0.13262871080839345,0.15644324089123057,0.9594405594405595,0.9513986013986016,0.9713286713286715,0.9666666666666667
gisette,random_forest,shapiq,permutation,2048.0,shapiq / permutation,10,252.7523,251.306,256.41035,0.07043007574823659,0.0628827539588353,0.07831089861813315,0.9863636363636366,0.9811188811188813,0.9900349650349652,0.9833333333333333
