dataset,model,library,approximator,method,device,n_features,runtime_median,runtime_q25,runtime_q75,gap_mean,gap_q25,gap_q75,rho_median,rho_q25,rho_q75,relative_mae_median,relative_mae_q25,relative_mae_q75,sign_agreement_median,seed_count
ames_housing,cnn_1d,captum,deep_lift_shap,captum / deep_lift_shap,cpu,79,0.15115,0.146825,0.152925,4.3255388780660577e-07,3.318212231737917e-07,4.897291856399051e-07,0.9965576958758784,0.9962432600315559,0.9968751769221131,0.05421345743531805,0.0509155814270005,0.05541021073532969,0.9910958904109589,10
ames_housing,cnn_1d,captum,deep_lift_shap,captum / deep_lift_shap,gpu,79,0.034,0.030625,0.038525000000000004,4.265541488621776e-07,2.5053999922558294e-07,5.976899763804059e-07,0.9965576958758784,0.9962432600315559,0.9968751769221131,0.054213447524429,0.05091558221286126,0.05541019749887389,0.9910958904109589,10
ames_housing,cnn_1d,captum,gradient_shap,captum / gradient_shap,cpu,79,0.18814999999999998,0.1834,0.1936,0.05090090908711762,0.03562977805196148,0.068390386763436,0.9946023407037143,0.9939313276627855,0.9948349487975219,0.07416393918260689,0.07217429658255588,0.07724246622471162,0.9891151425398002,10
ames_housing,cnn_1d,captum,gradient_shap,captum / gradient_shap,gpu,79,0.11255,0.1085,0.114075,0.04446242367997818,0.03105394470945355,0.05424107126664837,0.9965576958758784,0.9962432600315559,0.9968751769221131,0.054213447524429,0.05091558221286126,0.05541019749887389,0.9910958904109589,10
ames_housing,cnn_1d,shapiq,kernel,shapiq / kernel,cpu,79,3.9330999999999996,3.9217999999999997,3.944325,1.2673948612777474e-06,7.154978102497253e-07,1.8551682591745995e-06,0.9953087847995068,0.9940866190904646,0.9960120083794574,0.06738189611392553,0.06185350740711387,0.07830331660556131,0.9884394668641244,10
ames_housing,cnn_1d,shapiq,permutation,shapiq / permutation,cpu,79,2.23845,2.161075,2.85725,1.3021837325179897e-06,7.159848902160292e-07,1.8550526991295036e-06,0.9961183431837906,0.995824835244051,0.9966588004931358,0.06250687233188369,0.05871058030065206,0.06862294299117888,0.9919459459459459,10
ames_housing,cnn_1d,shapiq_proxy,proxy,shapiq / proxyShap,cpu,79,4.0523,4.030825,4.0595,1.259987361356764e-06,6.790833026183882e-07,1.85585819696004e-06,0.9259559592708742,0.9244241503006905,0.9272387737865949,0.7105381572359313,0.6971199871419247,0.7388814442662779,0.9019365784106701,10
ames_housing,mlp,captum,deep_lift_shap,captum / deep_lift_shap,cpu,79,0.0174,0.016149999999999998,0.017825,1.357159633570973e-07,8.55821198084803e-08,1.871717192129366e-07,0.991071528573952,0.9889714668907619,0.9920180279479908,0.08344069001767754,0.07920737849430622,0.087092253618794,0.9666835357624831,10
ames_housing,mlp,captum,deep_lift_shap,captum / deep_lift_shap,gpu,79,0.03665,0.035225,0.037325000000000004,1.0652776747542595e-07,6.817780816297127e-08,1.4374512736865516e-07,0.991071528573952,0.9889714668907619,0.9920180279479908,0.0834407035081576,0.07920737238288056,0.08709224521605771,0.9666835357624831,10
ames_housing,mlp,captum,gradient_shap,captum / gradient_shap,cpu,79,0.06125,0.059725,0.0632,0.05422271109455706,0.04176949467316838,0.0605599595682624,0.9869873450636083,0.9856636942548592,0.9892125755234638,0.09310926741396224,0.08628770072754773,0.09965110549524543,0.9606979405034325,10
ames_housing,mlp,captum,gradient_shap,captum / gradient_shap,gpu,79,0.1075,0.10505,0.1083,0.05929764665096221,0.04480541560330463,0.06485597563819298,0.991071528573952,0.9889714668907619,0.9920180279479908,0.0834407035081576,0.07920737238288056,0.08709224521605771,0.9666835357624831,10
ames_housing,mlp,shapiq,kernel,shapiq / kernel,cpu,79,1.2313,1.2277,1.23505,2.020952271879543e-07,1.7047908181623155e-07,2.783978345864403e-07,0.8762118121711899,0.8486759030474573,0.8974483570985555,0.3013419420695461,0.27537335606925895,0.33690737207878474,0.825536231884058,10
ames_housing,mlp,shapiq,permutation,shapiq / permutation,cpu,79,1.0574,1.028425,1.0967,2.19143995243853e-07,1.5375052061831692e-07,2.930977310065239e-07,0.9746894825424476,0.9729107293587319,0.979704148643116,0.1418664661739155,0.13864993101627698,0.14942234934295226,0.9400303643724697,10
ames_housing,mlp,shapiq_proxy,proxy,shapiq / proxyShap,cpu,79,1.3068,1.29325,1.3284749999999999,2.8820461183700916e-07,2.373778858834671e-07,3.1271187651455634e-07,0.862543962237786,0.852327629660983,0.8686925071976711,0.6222682078407663,0.6104102873611345,0.6267924038452998,0.8105263157894737,10
ames_housing,transformer,captum,deep_lift_shap,captum / deep_lift_shap,cpu,79,4.1791,4.0856,4.20035,0.5407952690088151,0.3892033705792375,0.6066288014313352,0.9630559329818877,0.9512152207001523,0.9656173862480284,0.22098476313686866,0.20416451697472945,0.26129748496295196,0.9281723143475127,10
ames_housing,transformer,captum,deep_lift_shap,captum / deep_lift_shap,gpu,79,0.23345,0.217375,0.265425,0.5324392573060124,0.39671609355512494,0.6490012131024728,0.7518842299058898,0.7010403883380683,0.7801517844101464,0.78226567677701,0.7262728945431935,0.9060920199296322,0.7768218623481782,10
ames_housing,transformer,captum,gradient_shap,captum / gradient_shap,cpu,79,10.90495,10.7802,10.977625,0.06319231581635286,0.04212539854756655,0.07290536158140373,0.7518842299058897,0.7010403883380683,0.7801517844101464,0.78226567677701,0.7262728945431935,0.9060920199296322,0.7768218623481782,10
ames_housing,transformer,captum,gradient_shap,captum / gradient_shap,gpu,79,0.1126,0.10700000000000001,0.14555,,,,,,,,,,,10
ames_housing,transformer,shapiq,kernel,shapiq / kernel,cpu,79,390.4531,380.032125,395.34915,3.706113421726734e-07,2.648387546501994e-07,4.172054774979444e-07,0.7382991599472593,0.6754557473419835,0.7635026414784465,0.7946398880361768,0.7540094184294889,0.9267013964937796,0.7668584474885844,10
ames_housing,transformer,shapiq,permutation,shapiq / permutation,cpu,79,342.13795000000005,338.76099999999997,348.368825,7.53878683627162e-07,5.098441872202424e-07,8.94550441843141e-07,0.7490818739945636,0.6888510843660962,0.7698464100983906,0.7872526822409187,0.7410979325008314,0.9187205075098251,0.7761929824561403,10
ames_housing,transformer,shapiq_proxy,proxy,shapiq / proxyShap,cpu,79,388.21205,380.108475,393.8927,4.5886149507366533e-07,3.492788572409747e-07,4.7096337097564137e-07,0.6682874455591237,0.6100471879625344,0.712418145735566,0.9302910525457442,0.9006046108538682,1.0433306934435524,0.7097729257641922,10
bike,cnn_1d,captum,deep_lift_shap,captum / deep_lift_shap,cpu,12,0.0303,0.03,0.0309,1.3594439355145213e-07,7.04762678941496e-08,1.6737778489571435e-07,0.9940559440559441,0.9903846153846155,0.9951048951048952,0.04378619199731566,0.039859694053715596,0.04542414474526736,1.0,10
bike,cnn_1d,captum,deep_lift_shap,captum / deep_lift_shap,gpu,12,0.04375,0.042225,0.0447,1.696238998187415e-07,1.2704884787847996e-07,2.1250072135093533e-07,0.9940559440559441,0.9903846153846155,0.9951048951048952,0.04378617234534693,0.03985969485325023,0.04542413064530104,1.0,10
bike,cnn_1d,captum,gradient_shap,captum / gradient_shap,cpu,12,0.0789,0.0778,0.0811,0.05631543645072773,0.0424220514753568,0.06662177675426359,0.9905594405594407,0.9881118881118882,0.9923076923076923,0.058520194592908116,0.05652768077417268,0.061648074383218426,0.9916666666666667,10
bike,cnn_1d,captum,gradient_shap,captum / gradient_shap,gpu,12,0.11524999999999999,0.108675,0.11737500000000001,0.049866149292596876,0.046196719153990526,0.05515299197213557,0.9940559440559441,0.9903846153846155,0.9951048951048952,0.04378617234534693,0.03985969485325023,0.04542413064530104,1.0,10
bike,cnn_1d,shapiq,kernel,shapiq / kernel,cpu,12,0.60135,0.592825,0.6168,3.0223465534094974e-07,1.2576693716659886e-07,4.771803223632327e-07,0.9895104895104896,0.9870629370629371,0.9930069930069931,0.05561817071050282,0.049469461431420614,0.05691168176398952,0.9958333333333333,10
bike,cnn_1d,shapiq,permutation,shapiq / permutation,cpu,12,3.5092499999999998,3.462225,3.635025,3.26282221731452e-07,1.8998014952077843e-07,4.041814910775463e-07,0.9902097902097904,0.9872377622377624,0.9928321678321679,0.05553648274894657,0.05455784998963602,0.05765046957099832,0.9958333333333333,10
bike,cnn_1d,shapiq_proxy,proxy,shapiq / proxyShap,cpu,12,0.9748,0.96155,1.017925,3.832729230013676e-07,2.409205637668115e-07,5.308755187638257e-07,0.9870629370629371,0.9849650349650351,0.9924825174825175,0.06771857885809457,0.06420865784468999,0.07766764708909259,0.9916666666666667,10
bike,mlp,captum,deep_lift_shap,captum / deep_lift_shap,cpu,12,0.0171,0.0167,0.0172,1.0654856947992759e-07,8.819193000766668e-08,1.298005520476658e-07,0.991958041958042,0.9891608391608393,0.9935314685314687,0.06548406554429094,0.05981648919799472,0.0684828513085231,0.975,10
bike,mlp,captum,deep_lift_shap,captum / deep_lift_shap,gpu,12,0.03735,0.03615,0.039275,1.0053554901643592e-07,6.265084973458852e-08,1.373401174555834e-07,0.991958041958042,0.9891608391608393,0.9935314685314687,0.06548406828951892,0.059816471360512546,0.06848281964365503,0.975,10
bike,mlp,captum,gradient_shap,captum / gradient_shap,cpu,12,0.0601,0.058025,0.061675,0.04836541513159679,0.039042025649842875,0.05755409589794545,0.9895104895104896,0.988811188811189,0.9902097902097904,0.07737413913557545,0.07118639095664057,0.08369114769464353,0.9666666666666667,10
bike,mlp,captum,gradient_shap,captum / gradient_shap,gpu,12,0.1091,0.10355,0.1094,0.04808088267469916,0.038176938906823624,0.05024958188902,0.991958041958042,0.9891608391608393,0.9935314685314687,0.06548406828951892,0.059816471360512546,0.06848281964365503,0.975,10
bike,mlp,shapiq,kernel,shapiq / kernel,cpu,12,0.45505,0.438575,0.4612,1.0889964569379287e-07,6.686082031412004e-08,9.886237771940882e-08,0.9790209790209792,0.9715034965034965,0.983741258741259,0.10297927323915296,0.09796141160171365,0.11237900758131038,0.9477272727272728,10
bike,mlp,shapiq,permutation,shapiq / permutation,cpu,12,2.5671,2.471425,2.5858749999999997,1.566161188112767e-07,1.110668623041126e-07,1.715187119390952e-07,0.9828671328671329,0.9770979020979023,0.9867132867132868,0.10488431866716764,0.09970229395690741,0.11061795986680815,0.9583333333333334,10
bike,mlp,shapiq_proxy,proxy,shapiq / proxyShap,cpu,12,0.86095,0.824,0.8649249999999999,2.4338617162625745e-07,1.5573541164735628e-07,2.858086529246764e-07,0.9825174825174826,0.9739510489510491,0.9865384615384617,0.10427658010558125,0.10002214656827058,0.10944424341983011,0.9625,10
bike,transformer,captum,deep_lift_shap,captum / deep_lift_shap,cpu,12,0.59995,0.590025,0.606325,1.1167447726241861,0.9241720497645359,1.3132503298376954,0.5262237762237763,0.358916083916084,0.5872377622377624,1.1358894626037284,0.9798398535311745,1.2098633897506053,0.6833333333333333,10
bike,transformer,captum,deep_lift_shap,captum / deep_lift_shap,gpu,12,0.04965,0.049125,0.050624999999999996,1.11291239853341,0.8856569774110845,1.2981343317948544,0.5076923076923077,0.42430069930069936,0.5847902097902099,1.0852119523699049,0.9926621109158038,1.1772729280409746,0.7125,10
bike,transformer,captum,gradient_shap,captum / gradient_shap,cpu,12,1.59435,1.586425,1.6056499999999998,0.07128664037710347,0.048180466234432354,0.07912770059044184,0.9430069930069931,0.9110139860139861,0.9503496503496505,0.22235734601955143,0.2141386895173782,0.23387297692013945,0.8916666666666667,10
bike,transformer,captum,gradient_shap,captum / gradient_shap,gpu,12,0.17170000000000002,0.169325,0.173125,0.07897092971593364,0.07299713965679368,0.08079004705597773,0.5076923076923077,0.42430069930069936,0.5847902097902099,1.0852119523699049,0.9926621109158038,1.1772729280409746,0.7125,10
bike,transformer,shapiq,kernel,shapiq / kernel,cpu,12,55.41175,54.750125000000004,55.73605,1.948525673335577e-07,1.0256343199456788e-07,2.4882312816788743e-07,0.9370629370629371,0.9118881118881119,0.948776223776224,0.2198999709586449,0.19386355985815304,0.2407333586959903,0.8875,10
bike,transformer,shapiq,permutation,shapiq / permutation,cpu,12,33.27395,33.128325000000004,33.436899999999994,3.0785914602075377e-07,2.303090426613398e-07,3.800630382755281e-07,0.93986013986014,0.9113636363636364,0.9501748251748253,0.22106414711847633,0.19463323131355287,0.24020956804412574,0.8791666666666667,10
bike,transformer,shapiq_proxy,proxy,shapiq / proxyShap,cpu,12,55.0086,54.545075,55.35785,3.1208766769754443e-07,2.2552165167356508e-07,4.2375366075066215e-07,0.9370629370629371,0.9083916083916086,0.9477272727272728,0.21679226121855427,0.19554061184060842,0.24109381609461591,0.8875,10
covertype,cnn_1d,captum,deep_lift_shap,captum / deep_lift_shap,cpu,54,0.09905,0.09615,0.100775,0.3019684367136295,0.19825284517466515,0.4344954708739936,0.9633000757704571,0.956945546322705,0.9678054638605993,0.18148201989260987,0.1496668708718366,0.2064761472448528,0.9835024928774929,10
covertype,cnn_1d,captum,deep_lift_shap,captum / deep_lift_shap,gpu,54,0.03755,0.034075,0.038625,0.3019695712001246,0.198251993092412,0.4344962774458663,0.9633000757704571,0.956945546322705,0.9678054638605993,0.18148202239226102,0.14966687288713262,0.20647616365924684,0.9835024928774929,10
covertype,cnn_1d,captum,gradient_shap,captum / gradient_shap,cpu,54,0.14850000000000002,0.147425,0.14955000000000002,0.1234102872859939,0.06995574757256498,0.16398532648217976,0.9615689235178535,0.9420002022697267,0.9672555830519365,0.14631533497262883,0.1426053373906831,0.1617137534960162,0.9847426470588235,10
covertype,cnn_1d,captum,gradient_shap,captum / gradient_shap,gpu,54,0.11925,0.11132500000000001,0.12262500000000001,0.11537910253081214,0.08898875921239785,0.1502262134955238,0.9633000757704571,0.956945546322705,0.9678054638605993,0.18148202239226102,0.14966687288713262,0.20647616365924684,0.9835024928774929,10
covertype,cnn_1d,shapiq,kernel,shapiq / kernel,cpu,54,1.3408000000000002,1.32955,1.376325,1.8152283622811779e-06,4.080250391768665e-07,2.8829090055725916e-06,0.89058179454481,0.8879370321900316,0.9430635770960583,0.26330028824810037,0.20643797037453845,0.2941233965822323,0.9592236467236468,10
covertype,cnn_1d,shapiq,permutation,shapiq / permutation,cpu,54,1.53185,1.482575,1.5476,3.123489618344039e-06,2.2886383085872382e-06,3.401638928285203e-06,0.9505887675382241,0.9441911688622543,0.9615308415863227,0.1944935546515716,0.17743361452710693,0.2091869865664051,0.9817903150706193,10
covertype,cnn_1d,shapiq_proxy,proxy,shapiq / proxyShap,cpu,54,1.6431,1.61865,1.7074500000000001,1.834449304436879e-06,3.318898273919537e-07,3.0320327033517365e-06,0.8297480846400256,0.821462036464806,0.8550340819249215,0.5022984481010636,0.491008659932442,0.5112537474337097,0.9638853138853138,10
covertype,mlp,captum,deep_lift_shap,captum / deep_lift_shap,cpu,54,0.0169,0.016025,0.01765,0.3170545205810167,0.26564505105012926,0.38247656763003957,0.9127543273758768,0.8673819134730485,0.9291217520667371,0.36530982523672034,0.3210611679170361,0.3964912105232168,0.9161570126433403,10
covertype,mlp,captum,deep_lift_shap,captum / deep_lift_shap,gpu,54,0.042800000000000005,0.040925,0.04675,0.31705451398245205,0.2656451733841016,0.38247655701150174,0.9127543273758768,0.8673819134730485,0.9291217520667371,0.3653097753885095,0.32106114185742685,0.39649120249583863,0.9161570126433403,10
covertype,mlp,captum,gradient_shap,captum / gradient_shap,cpu,54,0.0605,0.059825,0.0609,0.04715520583224375,0.043694569310519175,0.05093936411118965,0.9686780398482375,0.9658165960104105,0.9733725738983469,0.11985059131319681,0.11644614330995545,0.12387407208478207,0.964119066773934,10
covertype,mlp,captum,gradient_shap,captum / gradient_shap,gpu,54,0.11555,0.1119,0.121625,0.04914613640006698,0.037377909802719225,0.057324798458927975,0.9127543273758768,0.8673819134730485,0.9291217520667371,0.3653097753885095,0.32106114185742685,0.39649120249583863,0.9161570126433403,10
covertype,mlp,shapiq,kernel,shapiq / kernel,cpu,54,0.6657500000000001,0.641975,0.6685,1.3198951173789654e-07,6.881877060808968e-08,1.882587793508676e-07,0.8089390688311852,0.7406406345349608,0.839886525552246,0.30967009773273163,0.2895228852873297,0.368807379660971,0.8537390697109546,10
covertype,mlp,shapiq,permutation,shapiq / permutation,cpu,54,1.0039,0.9863000000000001,1.039125,2.2327913245594627e-07,1.5352640841234196e-07,3.109485499766052e-07,0.9449204604528669,0.9332857938582291,0.9497511152343282,0.16125439108159587,0.15713995093017707,0.17892695298383673,0.9531971095457858,10
covertype,mlp,shapiq_proxy,proxy,shapiq / proxyShap,cpu,54,0.9688,0.947975,0.99515,2.6075231575398085e-07,2.0298898566500858e-07,3.146974007891087e-07,0.8638524126781671,0.8563387497345397,0.8703653119057033,0.34538877487449404,0.30772227293463067,0.3673740558858588,0.8997525937749401,10
covertype,transformer,captum,deep_lift_shap,captum / deep_lift_shap,cpu,54,2.69025,2.646,2.707725,1.0590764026430595,0.7768069738099592,1.3047987183529701,0.8039973201236503,0.7379702535385568,0.8700903409054214,0.6124955192968445,0.447199820664053,0.8070140362598668,0.8697368421052631,10
covertype,transformer,captum,deep_lift_shap,captum / deep_lift_shap,gpu,54,0.12295,0.119825,0.1348,1.088963336256281,0.937066020843046,1.1734922969171648,0.4440410412568322,0.36103890494607616,0.47145252578570374,1.1980057220803824,1.137275154191394,1.2670066961688737,0.6802389705882352,10
covertype,transformer,captum,gradient_shap,captum / gradient_shap,cpu,54,7.3276,7.235675,7.4058,0.07498899171889198,0.06051234382982077,0.09206203633880153,0.4440410412568322,0.36103890494607616,0.47145252578570374,1.1980057220803824,1.137275154191394,1.2670066961688737,0.6802389705882352,10
covertype,transformer,captum,gradient_shap,captum / gradient_shap,gpu,54,0.1394,0.130975,0.16605,,,,,,,,,,,10
covertype,transformer,shapiq,kernel,shapiq / kernel,cpu,54,255.48965,254.272675,256.7649,7.890120210974019e-08,3.506307338900278e-08,1.225872843367427e-07,0.37147592563700127,0.2738383308807463,0.41290935767915915,1.2477665500974588,1.2165409368660323,1.3280191069554312,0.6314144736842104,10
covertype,transformer,shapiq,permutation,shapiq / permutation,cpu,54,246.82035000000002,245.8712,247.612275,2.2685042792466128e-07,1.5613575310611911e-07,2.7334429271770583e-07,0.46203633436164226,0.36234721085931976,0.4888326837163439,1.2137875744894053,1.1399812702532484,1.2782291520942306,0.6964527027027028,10
covertype,transformer,shapiq_proxy,proxy,shapiq / proxyShap,cpu,54,255.53155,254.948975,257.46505,2.0539883849019858e-07,1.8940084181556133e-07,2.3154177185504542e-07,0.3876670210330739,0.32301800018931426,0.4399643725759784,1.2695099504267087,1.2233769912434789,1.3050229907911284,0.6619200138504155,10
diabetes_130,cnn_1d,captum,deep_lift_shap,captum / deep_lift_shap,cpu,47,0.0869,0.08524999999999999,0.088325,0.2407148694332366,0.21121399057345394,0.2877110263282541,0.9782036316243938,0.9758327563164143,0.9798542402388803,0.20084575812570166,0.17508190775015905,0.21977087078674892,0.9831378853792321,10
diabetes_130,cnn_1d,captum,deep_lift_shap,captum / deep_lift_shap,gpu,47,0.034,0.030125,0.03705,0.24071489527832718,0.21121335658374735,0.2877111630079886,0.9782036316243938,0.9758327563164143,0.9798542402388803,0.20084577217027602,0.17508189483586337,0.21977089273623052,0.9831378853792321,10
diabetes_130,cnn_1d,captum,gradient_shap,captum / gradient_shap,cpu,47,0.13335,0.129425,0.13947500000000002,0.11929445336195807,0.0944129867159859,0.12483880532689128,0.9724591720286877,0.9668004641701198,0.9754687295494134,0.12205059410818474,0.11923101094955832,0.12325347619498404,0.9859933742570399,10
diabetes_130,cnn_1d,captum,gradient_shap,captum / gradient_shap,gpu,47,0.11175,0.109225,0.116425,0.11255272668576495,0.09258545407402193,0.1265783409624321,0.9782036316243938,0.9758327563164143,0.9798542402388803,0.20084577217027602,0.17508189483586337,0.21977089273623052,0.9831378853792321,10
diabetes_130,cnn_1d,shapiq,kernel,shapiq / kernel,cpu,47,1.18575,1.153525,1.21045,3.2936825318764025e-07,1.0039436628319658e-07,5.533174428183229e-07,0.9533042390639594,0.946033036903852,0.9591674952468723,0.22346883164652728,0.21550746397141352,0.23079151157303895,0.978755641521599,10
diabetes_130,cnn_1d,shapiq,permutation,shapiq / permutation,cpu,47,1.77445,1.7413500000000002,1.80575,6.703554109109717e-07,5.234217161690184e-07,7.580738184853378e-07,0.9670859898679474,0.9639879885882843,0.9709989782144939,0.19996449697351645,0.1897494736858073,0.21633220730571698,0.9785889918668431,10
diabetes_130,cnn_1d,shapiq_proxy,proxy,shapiq / proxyShap,cpu,47,1.449,1.425075,1.5146,4.2547848123882424e-07,2.4148968880629416e-07,6.506702952725285e-07,0.9064156239078562,0.887298045600953,0.912917606495178,0.5436558071203558,0.5312654950507989,0.5629466837686683,0.9700980392156863,10
diabetes_130,mlp,captum,deep_lift_shap,captum / deep_lift_shap,cpu,47,0.0174,0.0169,0.0175,0.6983820113506752,0.610549172922128,0.7642694680190256,0.9586730113008374,0.9508082952318746,0.9673416067929459,0.38334955821259076,0.34368194406486197,0.4498225423793403,0.9611029913280718,10
diabetes_130,mlp,captum,deep_lift_shap,captum / deep_lift_shap,gpu,47,0.043800000000000006,0.0352,0.045899999999999996,0.6983819004924996,0.6105490299246431,0.7642692265719464,0.9586730113008374,0.9508082952318746,0.9673416067929459,0.38334953996683807,0.3436819418101401,0.4498225343094011,0.9611029913280718,10
diabetes_130,mlp,captum,gradient_shap,captum / gradient_shap,cpu,47,0.060399999999999995,0.058925,0.0633,0.1500549482564845,0.11713819817794097,0.1734613830850671,0.9617227908067022,0.9584117242865251,0.971990606358132,0.1250080278892298,0.1195380605467799,0.13024948416363502,0.9530989654856725,10
diabetes_130,mlp,captum,gradient_shap,captum / gradient_shap,gpu,47,0.10969999999999999,0.104225,0.11877499999999999,0.15550618608131495,0.12565590054019904,0.19776467285267277,0.9586730113008374,0.9508082952318746,0.9673416067929459,0.38334953996683807,0.3436819418101401,0.4498225343094011,0.9611029913280718,10
diabetes_130,mlp,shapiq,kernel,shapiq / kernel,cpu,47,0.6346499999999999,0.6217750000000001,0.6435000000000001,1.1977714340438816e-07,5.612140519953366e-08,1.623539416430881e-07,0.8761741340722191,0.8554502281463892,0.8908369433747143,0.45253701839738486,0.4368499227735605,0.4924948147100658,0.9121212121212121,10
diabetes_130,mlp,shapiq,permutation,shapiq / permutation,cpu,47,1.1771500000000001,1.158725,1.194375,2.9696979149334076e-07,1.9343176401729493e-07,2.9910770353151314e-07,0.9301213962413114,0.9247720248416533,0.9358391979222991,0.41799381240997946,0.38608906658207515,0.4514055711762006,0.9348484848484848,10
diabetes_130,mlp,shapiq_proxy,proxy,shapiq / proxyShap,cpu,47,0.8982,0.87615,0.93545,2.633396799908993e-07,1.8382950353126512e-07,3.210057567485054e-07,0.8847251996776109,0.8792004595890502,0.893691889528329,0.7295058052428331,0.6759417786479797,0.7565853344224098,0.9137736885471024,10
diabetes_130,transformer,captum,deep_lift_shap,captum / deep_lift_shap,cpu,47,2.33315,2.3188250000000004,2.338475,0.6413437960149913,0.4266901390525233,0.8687381316625222,0.9071960666067889,0.8989999174244477,0.9157146250222672,0.5980859467351458,0.40507934183735805,0.788363888644217,0.9166666666666667,10
diabetes_130,transformer,captum,deep_lift_shap,captum / deep_lift_shap,gpu,47,0.12065000000000001,0.10925,0.12375,0.8899568585193229,0.5160599750253108,0.9781621671768597,0.7559122197256467,0.7430470361269342,0.7696641433230662,0.8368531252494658,0.7352630333050746,0.9326520675570275,0.806060606060606,10
diabetes_130,transformer,captum,gradient_shap,captum / gradient_shap,cpu,47,6.33245,6.229425,6.4551,0.06122292664139163,0.0497112133823677,0.07216650961951157,0.7559122197256467,0.7430470361269342,0.7696641433230662,0.8368531252494658,0.7352630333050746,0.9326520675570275,0.806060606060606,10
diabetes_130,transformer,captum,gradient_shap,captum / gradient_shap,gpu,47,0.12685,0.117725,0.1367,,,,,,,,,,,10
diabetes_130,transformer,shapiq,kernel,shapiq / kernel,cpu,47,227.64075000000003,226.72645,228.27100000000002,3.7194854681908924e-07,2.6600447973097625e-08,5.527948575493398e-07,0.7430997763118496,0.7140567795807693,0.7486589253587679,0.85413157474082,0.739406342388579,0.9438628811263957,0.7984848484848485,10
diabetes_130,transformer,shapiq,permutation,shapiq / permutation,cpu,47,220.2439,219.3979,221.9381,3.930912089120864e-06,1.0828799800563845e-06,4.784875124558091e-06,0.7561362583609559,0.7399105236824794,0.7713559423297612,0.8260680733000516,0.7320961287592391,0.9268258713589014,0.8093838689004852,10
diabetes_130,transformer,shapiq_proxy,proxy,shapiq / proxyShap,cpu,47,227.71615,227.27725,228.863975,4.815983866731798e-07,2.940833584645471e-07,5.900886572118503e-07,0.7072610319690631,0.6901256233252232,0.7293883262466274,0.9337475680199394,0.8526897525961314,1.0502003280522234,0.7819139118524203,10
gisette,cnn_1d,captum,deep_lift_shap,captum / deep_lift_shap,cpu,100,0.18795,0.184275,0.192575,0.01187540588489973,0.00810735161829945,0.0147773461066577,0.9934467446744674,0.9930834083408339,0.9945082508250824,0.04182059639160275,0.03958745423240794,0.04627242383100081,0.9975,10
gisette,cnn_1d,captum,deep_lift_shap,captum / deep_lift_shap,gpu,100,0.0475,0.043625,0.056499999999999995,0.0118754887292572,0.00810749476370785,0.014777427811327074,0.9934467446744674,0.9930834083408339,0.9945082508250824,0.04182059284371141,0.039587455961946974,0.04627243759588395,0.9975,10
gisette,cnn_1d,captum,gradient_shap,captum / gradient_shap,cpu,100,0.2284,0.224175,0.23204999999999998,0.055433543935894634,0.040828822312615025,0.06958440228890803,0.989009900990099,0.9877458745874585,0.9896975697569755,0.056023874993520614,0.05459240168272542,0.06113151821741452,0.9955,10
gisette,cnn_1d,captum,gradient_shap,captum / gradient_shap,gpu,100,0.11965,0.116025,0.180425,0.053530522200089484,0.042156236991293575,0.05239900308656027,0.9934467446744674,0.9930834083408339,0.9945082508250824,0.04182059284371141,0.039587455961946974,0.04627243759588395,0.9975,10
gisette,cnn_1d,shapiq,kernel,shapiq / kernel,cpu,100,3.9151499999999997,3.8236999999999997,5.061375,1.1186995195085681e-06,6.591369296919019e-07,1.2623328445156939e-06,0.9544956495649564,0.9349294929492948,0.9629054905490547,0.10733059654255037,0.08443732870233361,0.1522769395237853,0.9884999999999999,10
gisette,cnn_1d,shapiq,permutation,shapiq / permutation,cpu,100,3.56085,3.46745,4.662425,1.2965029419357827e-06,7.215147444833991e-07,1.2718135453136755e-06,0.9716123612361235,0.9601839183918391,0.981009600960096,0.08223267266543605,0.0665543941697609,0.11070981422853948,0.9944999999999999,10
gisette,cnn_1d,shapiq_proxy,proxy,shapiq / proxyShap,cpu,100,3.9968500000000002,3.7860750000000003,4.94935,1.117335971004423e-06,5.579872293777104e-07,1.3323928810641433e-06,0.7887614761476147,0.7663141314131412,0.8077083708370837,0.9686557360369501,0.9171223559970285,1.000112669047955,0.924,10
gisette,mlp,captum,deep_lift_shap,captum / deep_lift_shap,cpu,100,0.0179,0.017,0.018525,0.8199270185550235,0.7855558093171975,0.8551759320636652,0.9852325232523251,0.9830174017401738,0.9882901290129013,0.8551187222373897,0.8060016895933559,0.947876553009104,0.949,10
gisette,mlp,captum,deep_lift_shap,captum / deep_lift_shap,gpu,100,0.0458,0.043175000000000005,0.046625,0.8199270098086913,0.7855558064251388,0.8551759054752542,0.9852325232523251,0.9830174017401738,0.9882901290129013,0.8551185634521778,0.806001602163988,0.9478765862458723,0.949,10
gisette,mlp,captum,gradient_shap,captum / gradient_shap,cpu,100,0.0632,0.061524999999999996,0.065875,0.06643614723090564,0.05878988661373288,0.07470921671505007,0.995126912691269,0.9946711671167117,0.9957890789078907,0.11888559604492557,0.1118887661743637,0.12457064297353976,0.972,10
gisette,mlp,captum,gradient_shap,captum / gradient_shap,gpu,100,0.11410000000000001,0.109675,0.118775,0.057351755428645367,0.04940035822313312,0.06574500652754314,0.9852325232523251,0.9830174017401738,0.9882901290129013,0.8551185634521778,0.806001602163988,0.9478765862458723,0.949,10
gisette,mlp,shapiq,kernel,shapiq / kernel,cpu,100,1.3112,1.294125,1.373175,4.8472494610544e-08,2.3130186382932335e-08,4.971878186119236e-08,0.7667548754875486,0.7275295529552954,0.7817515751575157,0.6148864501360602,0.5878743984606838,0.6434722547085797,0.77,10
gisette,mlp,shapiq,permutation,shapiq / permutation,cpu,100,0.9762500000000001,0.9607749999999999,0.9901,7.717914947640136e-08,3.7701284439857194e-08,8.510306073978261e-08,0.9805790579057905,0.9791614161416141,0.9810681068106809,0.2560230495577946,0.244808790699598,0.2637397089259716,0.95,10
gisette,mlp,shapiq_proxy,proxy,shapiq / proxyShap,cpu,100,1.3293,1.297125,1.368475,2.0158976296812206e-07,1.7246690254586805e-07,2.525325694243366e-07,0.7704056405640562,0.7486495649564956,0.7935970597059705,0.9621179510419104,0.934749488753582,0.9686787288222967,0.786,10
gisette,transformer,captum,deep_lift_shap,captum / deep_lift_shap,cpu,100,5.246700000000001,5.1776,5.3407,1.0278266676062469,0.9760316817497237,1.040380289774976,0.35088028802880283,0.13854935493549353,0.39791659165916593,1.8685118494029747,1.8246733829219268,1.901060924563387,0.6005,10
gisette,transformer,captum,deep_lift_shap,captum / deep_lift_shap,gpu,100,0.13845000000000002,0.13105,0.15255,,,,,,,,,,,10
gisette,transformer,captum,gradient_shap,captum / gradient_shap,cpu,100,13.66835,13.5864,13.692875,0.16405468444510088,0.11571259474445378,0.21602661871563675,0.35088028802880283,0.13854935493549353,0.39791659165916593,1.8685118494029747,1.8246733829219268,1.901060924563387,0.6005,10
gisette,transformer,captum,gradient_shap,captum / gradient_shap,gpu,100,0.1372,0.12075,0.174825,,,,,,,,,,,10
gisette,transformer,shapiq,kernel,shapiq / kernel,cpu,100,502.27285,493.681,504.29240000000004,7.381944311232602e-08,4.273394468507469e-08,9.340696624664175e-08,0.7916417641764175,0.7562385238523852,0.8309390939093908,0.6664566195054505,0.5979486748965972,0.7137603903939446,0.8029999999999999,10
gisette,transformer,shapiq,permutation,shapiq / permutation,cpu,100,487.89365,479.459775,489.89965,1.2972019380418087e-07,7.770747447596914e-08,1.5219473758751922e-07,0.942155415541554,0.9288376837683767,0.9586735673567355,0.46699074236240323,0.37627057941068076,0.4969369779711703,0.9424999999999999,10
gisette,transformer,shapiq_proxy,proxy,shapiq / proxyShap,cpu,100,503.53505,494.50505,504.1488,2.489975191247277e-07,2.0186560950293905e-07,3.137693066103567e-07,0.7932751275127512,0.7756924692469246,0.8057737773777378,1.0004963138287248,0.9682073563142624,1.0311733803246288,0.8,10
